user1,user2,contact,firstcontacttimestamp,lastcontacttimestamp,distance,duration
000b70b6-3d74-42dc-8ff2-52fd0f4e9ec3,0bf9011d-3b83-41fb-b3c8-46e5e240da1e,1,2022-11-16 20:38:59.141000-03:00,2022-11-16 20:39:15.307000-03:00,192.0,0.26943333333333336
000b70b6-3d74-42dc-8ff2-52fd0f4e9ec3,0bf9011d-3b83-41fb-b3c8-46e5e240da1e,2,2022-11-16 21:23:19.201000-03:00,2022-11-16 21:23:29.442000-03:00,232.0,0.17068333333333333
000b70b6-3d74-42dc-8ff2-52fd0f4e9ec3,207ff938-b66d-4137-8343-7088616af16f,1,2022-11-14 10:13:57.954000-03:00,2022-11-14 10:13:57.954000-03:00,671.0,0.0
000b70b6-3d74-42dc-8ff2-52fd0f4e9ec3,207ff938-b66d-4137-8343-7088616af16f,2,2022-11-14 13:57:37.269000-03:00,2022-11-14 14:10:24.535000-03:00,163.0,12.787766666666666
000b70b6-3d74-42dc-8ff2-52fd0f4e9ec3,207ff938-b66d-4137-8343-7088616af16f,3,2022-11-14 14:42:00.176000-03:00,2022-11-14 14:42:41.447000-03:00,81.0,0.68785
000b70b6-3d74-42dc-8ff2-52fd0f4e9ec3,207ff938-b66d-4137-8343-7088616af16f,4,2022-11-14 15:47:40.984000-03:00,2022-11-14 16:05:45.126000-03:00,186.0,18.069033333333334
000b70b6-3d74-42dc-8ff2-52fd0f4e9ec3,207ff938-b66d-4137-8343-7088616af16f,5,2022-11-15 21:09:21.061000-03:00,2022-11-15 21:13:57.568000-03:00,182.0,4.60845
000b70b6-3d74-42dc-8ff2-52fd0f4e9ec3,207ff938-b66d-4137-8343-7088616af16f,6,2022-11-15 21:42:47.220000-03:00,2022-11-15 21:42:47.320000-03:00,245.0,0.0016666666666666668
000b70b6-3d74-42dc-8ff2-52fd0f4e9ec3,207ff938-b66d-4137-8343-7088616af16f,7,2022-11-15 22:07:14.369000-03:00,2022-11-15 22:07:30.169000-03:00,8.5,0.26333333333333336
000b70b6-3d74-42dc-8ff2-52fd0f4e9ec3,207ff938-b66d-4137-8343-7088616af16f,8,2022-11-16 18:51:37.329000-03:00,2022-11-16 18:54:27.831000-03:00,19.0,2.8417000000000003
000b70b6-3d74-42dc-8ff2-52fd0f4e9ec3,207ff938-b66d-4137-8343-7088616af16f,9,2022-11-16 20:22:18.863000-03:00,2022-11-16 20:22:31.666000-03:00,247.0,0.21338333333333334
000b70b6-3d74-42dc-8ff2-52fd0f4e9ec3,207ff938-b66d-4137-8343-7088616af16f,10,2022-11-16 20:38:55.470000-03:00,2022-11-16 20:38:55.470000-03:00,315.0,0.0
000b70b6-3d74-42dc-8ff2-52fd0f4e9ec3,207ff938-b66d-4137-8343-7088616af16f,11,2022-11-16 21:23:29.425000-03:00,2022-11-16 21:23:29.457000-03:00,261.0,0.0005333333333333334
000b70b6-3d74-42dc-8ff2-52fd0f4e9ec3,5bfa6f7f-4264-48cb-a1fd-f2cab29af86f,1,2022-11-14 13:01:23.181000-03:00,2022-11-14 13:01:23.181000-03:00,369.0,0.0
000b70b6-3d74-42dc-8ff2-52fd0f4e9ec3,5bfa6f7f-4264-48cb-a1fd-f2cab29af86f,2,2022-11-14 13:29:25.961000-03:00,2022-11-14 13:29:36.366000-03:00,406.0,0.17341666666666666
000b70b6-3d74-42dc-8ff2-52fd0f4e9ec3,5bfa6f7f-4264-48cb-a1fd-f2cab29af86f,3,2022-11-14 13:57:37.237000-03:00,2022-11-14 14:10:24.508000-03:00,230.8,12.787849999999999
000b70b6-3d74-42dc-8ff2-52fd0f4e9ec3,5bfa6f7f-4264-48cb-a1fd-f2cab29af86f,4,2022-11-14 14:42:00.164000-03:00,2022-11-14 14:42:41.432000-03:00,62.333333333333336,0.6878
000b70b6-3d74-42dc-8ff2-52fd0f4e9ec3,5bfa6f7f-4264-48cb-a1fd-f2cab29af86f,5,2022-11-14 15:47:40.964000-03:00,2022-11-14 16:05:45.100000-03:00,18.333333333333332,18.068933333333334
000b70b6-3d74-42dc-8ff2-52fd0f4e9ec3,5bfa6f7f-4264-48cb-a1fd-f2cab29af86f,6,2022-11-14 16:37:02.283000-03:00,2022-11-14 16:38:14.194000-03:00,6.0,1.1985166666666667
000b70b6-3d74-42dc-8ff2-52fd0f4e9ec3,5bfa6f7f-4264-48cb-a1fd-f2cab29af86f,7,2022-11-14 19:02:59.772000-03:00,2022-11-14 19:02:59.892000-03:00,161.0,0.002
000b70b6-3d74-42dc-8ff2-52fd0f4e9ec3,5bfa6f7f-4264-48cb-a1fd-f2cab29af86f,8,2022-11-15 21:10:06.270000-03:00,2022-11-15 21:25:41.707000-03:00,202.66666666666666,15.590616666666667
000b70b6-3d74-42dc-8ff2-52fd0f4e9ec3,5bfa6f7f-4264-48cb-a1fd-f2cab29af86f,9,2022-11-16 20:22:18.849000-03:00,2022-11-16 20:23:10.397000-03:00,261.0,0.8591333333333334
000b70b6-3d74-42dc-8ff2-52fd0f4e9ec3,a90d7e53-db59-49be-9ccd-5709053f3202,1,2022-11-14 13:01:23.196000-03:00,2022-11-14 13:01:23.196000-03:00,357.0,0.0
000b70b6-3d74-42dc-8ff2-52fd0f4e9ec3,a90d7e53-db59-49be-9ccd-5709053f3202,2,2022-11-14 13:29:25.976000-03:00,2022-11-14 13:29:36.380000-03:00,315.0,0.1734
000b70b6-3d74-42dc-8ff2-52fd0f4e9ec3,a90d7e53-db59-49be-9ccd-5709053f3202,3,2022-11-14 13:57:18.167000-03:00,2022-11-14 14:10:24.523000-03:00,373.0,13.105933333333333
000b70b6-3d74-42dc-8ff2-52fd0f4e9ec3,a90d7e53-db59-49be-9ccd-5709053f3202,4,2022-11-14 16:05:44.789000-03:00,2022-11-14 16:06:21.287000-03:00,315.0,0.6083
000b70b6-3d74-42dc-8ff2-52fd0f4e9ec3,a90d7e53-db59-49be-9ccd-5709053f3202,5,2022-11-14 16:37:02.302000-03:00,2022-11-14 16:38:14.205000-03:00,326.5,1.1983833333333334
000b70b6-3d74-42dc-8ff2-52fd0f4e9ec3,a90d7e53-db59-49be-9ccd-5709053f3202,6,2022-11-14 19:02:59.779000-03:00,2022-11-14 19:02:59.899000-03:00,381.0,0.002
000b70b6-3d74-42dc-8ff2-52fd0f4e9ec3,a98df9f9-acaa-402d-81d0-11dd4cdf8a36,1,2022-11-14 13:01:23.150000-03:00,2022-11-14 13:01:23.150000-03:00,357.0,0.0
000b70b6-3d74-42dc-8ff2-52fd0f4e9ec3,a98df9f9-acaa-402d-81d0-11dd4cdf8a36,2,2022-11-14 13:29:25.952000-03:00,2022-11-14 13:29:36.354000-03:00,287.0,0.17336666666666664
000b70b6-3d74-42dc-8ff2-52fd0f4e9ec3,a98df9f9-acaa-402d-81d0-11dd4cdf8a36,3,2022-11-14 13:57:18.144000-03:00,2022-11-14 14:10:42.690000-03:00,189.6,13.4091
000b70b6-3d74-42dc-8ff2-52fd0f4e9ec3,a98df9f9-acaa-402d-81d0-11dd4cdf8a36,4,2022-11-14 14:42:15.747000-03:00,2022-11-14 14:42:41.418000-03:00,259.5,0.42785
000b70b6-3d74-42dc-8ff2-52fd0f4e9ec3,a98df9f9-acaa-402d-81d0-11dd4cdf8a36,5,2022-11-15 21:09:21.042000-03:00,2022-11-15 21:25:31.075000-03:00,207.6,16.16721666666667
000b70b6-3d74-42dc-8ff2-52fd0f4e9ec3,a98df9f9-acaa-402d-81d0-11dd4cdf8a36,6,2022-11-16 20:22:18.814000-03:00,2022-11-16 20:22:41.611000-03:00,286.0,0.37995
000b70b6-3d74-42dc-8ff2-52fd0f4e9ec3,b6661f70-3752-433b-9b22-6446c959522c,1,2022-11-14 13:29:25.918000-03:00,2022-11-14 13:29:36.323000-03:00,278.0,0.17341666666666666
000b70b6-3d74-42dc-8ff2-52fd0f4e9ec3,b6661f70-3752-433b-9b22-6446c959522c,2,2022-11-14 13:57:37.187000-03:00,2022-11-14 14:09:56.744000-03:00,147.0,12.32595
000b70b6-3d74-42dc-8ff2-52fd0f4e9ec3,b6661f70-3752-433b-9b22-6446c959522c,3,2022-11-14 14:42:30.766000-03:00,2022-11-14 14:42:41.398000-03:00,0.0,0.1772
000b70b6-3d74-42dc-8ff2-52fd0f4e9ec3,b6661f70-3752-433b-9b22-6446c959522c,4,2022-11-14 15:47:15.274000-03:00,2022-11-14 16:05:45.084000-03:00,139.0,18.49683333333333
000b70b6-3d74-42dc-8ff2-52fd0f4e9ec3,b6661f70-3752-433b-9b22-6446c959522c,5,2022-11-14 16:37:02.259000-03:00,2022-11-14 16:37:55.638000-03:00,261.0,0.8896499999999999
000b70b6-3d74-42dc-8ff2-52fd0f4e9ec3,b6661f70-3752-433b-9b22-6446c959522c,6,2022-11-14 19:02:59.763000-03:00,2022-11-14 19:02:59.883000-03:00,136.0,0.002
000b70b6-3d74-42dc-8ff2-52fd0f4e9ec3,b6661f70-3752-433b-9b22-6446c959522c,7,2022-11-15 21:24:55.475000-03:00,2022-11-15 21:25:41.695000-03:00,100.5,0.7703333333333333
000b70b6-3d74-42dc-8ff2-52fd0f4e9ec3,b6661f70-3752-433b-9b22-6446c959522c,8,2022-11-15 21:42:47.190000-03:00,2022-11-15 21:43:48.617000-03:00,37.0,1.0237833333333333
000b70b6-3d74-42dc-8ff2-52fd0f4e9ec3,b6661f70-3752-433b-9b22-6446c959522c,9,2022-11-15 22:08:05.967000-03:00,2022-11-15 22:08:06.086000-03:00,245.0,0.001983333333333333
000b70b6-3d74-42dc-8ff2-52fd0f4e9ec3,b6661f70-3752-433b-9b22-6446c959522c,10,2022-11-16 18:51:37.294000-03:00,2022-11-16 18:54:27.800000-03:00,419.0,2.8417666666666666
0bf9011d-3b83-41fb-b3c8-46e5e240da1e,000b70b6-3d74-42dc-8ff2-52fd0f4e9ec3,1,2022-11-16 20:30:56.422000-03:00,2022-11-16 20:43:52.779000-03:00,122.0,12.939283333333332
0bf9011d-3b83-41fb-b3c8-46e5e240da1e,207ff938-b66d-4137-8343-7088616af16f,1,2022-11-16 20:30:56.456000-03:00,2022-11-16 20:44:02.932000-03:00,124.38461538461539,13.107933333333333
0bf9011d-3b83-41fb-b3c8-46e5e240da1e,5bfa6f7f-4264-48cb-a1fd-f2cab29af86f,1,2022-11-16 20:30:56.378000-03:00,2022-11-16 20:43:52.635000-03:00,337.3333333333333,12.937616666666665
0bf9011d-3b83-41fb-b3c8-46e5e240da1e,a98df9f9-acaa-402d-81d0-11dd4cdf8a36,1,2022-11-16 20:30:56.222000-03:00,2022-11-16 20:34:24.874000-03:00,296.0,3.477533333333333
207ff938-b66d-4137-8343-7088616af16f,000b70b6-3d74-42dc-8ff2-52fd0f4e9ec3,1,2022-11-14 10:02:29.742000-03:00,2022-11-14 10:02:53.179000-03:00,111.0,0.39061666666666667
207ff938-b66d-4137-8343-7088616af16f,000b70b6-3d74-42dc-8ff2-52fd0f4e9ec3,2,2022-11-14 13:01:38.605000-03:00,2022-11-14 13:02:10.471000-03:00,153.0,0.5311
207ff938-b66d-4137-8343-7088616af16f,000b70b6-3d74-42dc-8ff2-52fd0f4e9ec3,3,2022-11-14 14:07:17.403000-03:00,2022-11-14 14:16:43.251000-03:00,85.33333333333333,9.4308
207ff938-b66d-4137-8343-7088616af16f,000b70b6-3d74-42dc-8ff2-52fd0f4e9ec3,4,2022-11-14 14:41:36.997000-03:00,2022-11-14 14:41:36.997000-03:00,0.0,0.0
207ff938-b66d-4137-8343-7088616af16f,000b70b6-3d74-42dc-8ff2-52fd0f4e9ec3,5,2022-11-14 15:23:57.297000-03:00,2022-11-14 15:23:57.350000-03:00,2.0,0.0008833333333333333
207ff938-b66d-4137-8343-7088616af16f,000b70b6-3d74-42dc-8ff2-52fd0f4e9ec3,6,2022-11-14 16:02:25.300000-03:00,2022-11-14 16:05:59.015000-03:00,84.33333333333333,3.561916666666667
207ff938-b66d-4137-8343-7088616af16f,000b70b6-3d74-42dc-8ff2-52fd0f4e9ec3,7,2022-11-15 21:09:32.487000-03:00,2022-11-15 21:35:46.988000-03:00,117.88888888888889,26.241683333333334
207ff938-b66d-4137-8343-7088616af16f,000b70b6-3d74-42dc-8ff2-52fd0f4e9ec3,8,2022-11-15 22:03:40.109000-03:00,2022-11-15 22:08:02.609000-03:00,116.0,4.375
207ff938-b66d-4137-8343-7088616af16f,000b70b6-3d74-42dc-8ff2-52fd0f4e9ec3,9,2022-11-16 18:54:08.080000-03:00,2022-11-16 18:54:44.913000-03:00,0.0,0.6138833333333333
207ff938-b66d-4137-8343-7088616af16f,000b70b6-3d74-42dc-8ff2-52fd0f4e9ec3,10,2022-11-16 20:45:04.430000-03:00,2022-11-16 20:52:57.062000-03:00,162.33333333333334,7.8772
207ff938-b66d-4137-8343-7088616af16f,000b70b6-3d74-42dc-8ff2-52fd0f4e9ec3,11,2022-11-16 21:16:47.680000-03:00,2022-11-16 21:17:09.204000-03:00,147.0,0.35873333333333335
207ff938-b66d-4137-8343-7088616af16f,000b70b6-3d74-42dc-8ff2-52fd0f4e9ec3,12,2022-11-16 21:53:09.447000-03:00,2022-11-16 21:53:25.260000-03:00,162.5,0.26355
207ff938-b66d-4137-8343-7088616af16f,000b70b6-3d74-42dc-8ff2-52fd0f4e9ec3,13,2022-11-16 23:04:14.827000-03:00,2022-11-16 23:17:36.225000-03:00,138.5,13.356633333333333
207ff938-b66d-4137-8343-7088616af16f,0bf9011d-3b83-41fb-b3c8-46e5e240da1e,1,2022-11-16 20:45:04.404000-03:00,2022-11-16 20:52:57.056000-03:00,65.14285714285714,7.877533333333333
207ff938-b66d-4137-8343-7088616af16f,0bf9011d-3b83-41fb-b3c8-46e5e240da1e,2,2022-11-16 21:16:47.663000-03:00,2022-11-16 21:17:09.175000-03:00,99.0,0.3585333333333333
207ff938-b66d-4137-8343-7088616af16f,0bf9011d-3b83-41fb-b3c8-46e5e240da1e,3,2022-11-16 21:53:09.426000-03:00,2022-11-16 21:53:25.239000-03:00,77.33333333333333,0.26355
207ff938-b66d-4137-8343-7088616af16f,0bf9011d-3b83-41fb-b3c8-46e5e240da1e,4,2022-11-16 23:04:14.819000-03:00,2022-11-16 23:17:36.218000-03:00,46.0,13.35665
207ff938-b66d-4137-8343-7088616af16f,4dc30af1-793b-47c6-83ad-8412f2ff4f7c,1,2022-11-13 20:04:43.034000-03:00,2022-11-13 20:04:52.874000-03:00,6.5,0.164
207ff938-b66d-4137-8343-7088616af16f,5bfa6f7f-4264-48cb-a1fd-f2cab29af86f,1,2022-11-10 18:46:21.510000-03:00,2022-11-10 18:49:44.437000-03:00,147.0,3.3821166666666667
207ff938-b66d-4137-8343-7088616af16f,5bfa6f7f-4264-48cb-a1fd-f2cab29af86f,2,2022-11-10 21:04:50.533000-03:00,2022-11-10 21:13:51.100000-03:00,234.0,9.00945
207ff938-b66d-4137-8343-7088616af16f,5bfa6f7f-4264-48cb-a1fd-f2cab29af86f,3,2022-11-12 10:01:05.577000-03:00,2022-11-12 10:01:22.119000-03:00,55.0,0.2757
207ff938-b66d-4137-8343-7088616af16f,5bfa6f7f-4264-48cb-a1fd-f2cab29af86f,4,2022-11-12 10:19:55.787000-03:00,2022-11-12 10:19:55.787000-03:00,152.0,0.0
207ff938-b66d-4137-8343-7088616af16f,5bfa6f7f-4264-48cb-a1fd-f2cab29af86f,5,2022-11-12 10:34:39.888000-03:00,2022-11-12 10:35:14.940000-03:00,261.0,0.5841999999999999
207ff938-b66d-4137-8343-7088616af16f,5bfa6f7f-4264-48cb-a1fd-f2cab29af86f,6,2022-11-12 10:53:35.586000-03:00,2022-11-12 10:56:35.598000-03:00,140.0,3.0002
207ff938-b66d-4137-8343-7088616af16f,5bfa6f7f-4264-48cb-a1fd-f2cab29af86f,7,2022-11-12 14:01:40.814000-03:00,2022-11-12 14:02:05.787000-03:00,29.0,0.4162166666666666
207ff938-b66d-4137-8343-7088616af16f,5bfa6f7f-4264-48cb-a1fd-f2cab29af86f,8,2022-11-13 16:11:15.644000-03:00,2022-11-13 16:13:00.953000-03:00,30.0,1.75515
207ff938-b66d-4137-8343-7088616af16f,5bfa6f7f-4264-48cb-a1fd-f2cab29af86f,9,2022-11-13 19:03:54.377000-03:00,2022-11-13 19:06:05.641000-03:00,270.5,2.1877333333333335
207ff938-b66d-4137-8343-7088616af16f,5bfa6f7f-4264-48cb-a1fd-f2cab29af86f,10,2022-11-14 13:01:38.580000-03:00,2022-11-14 13:02:10.445000-03:00,71.5,0.5310833333333334
207ff938-b66d-4137-8343-7088616af16f,5bfa6f7f-4264-48cb-a1fd-f2cab29af86f,11,2022-11-14 14:07:17.394000-03:00,2022-11-14 14:16:43.233000-03:00,56.333333333333336,9.430650000000002
207ff938-b66d-4137-8343-7088616af16f,5bfa6f7f-4264-48cb-a1fd-f2cab29af86f,12,2022-11-14 14:41:36.948000-03:00,2022-11-14 14:41:36.948000-03:00,55.0,0.0
207ff938-b66d-4137-8343-7088616af16f,5bfa6f7f-4264-48cb-a1fd-f2cab29af86f,13,2022-11-14 15:23:44.169000-03:00,2022-11-14 15:23:57.332000-03:00,2.0,0.21938333333333335
207ff938-b66d-4137-8343-7088616af16f,5bfa6f7f-4264-48cb-a1fd-f2cab29af86f,14,2022-11-14 16:05:33.962000-03:00,2022-11-14 16:05:48.504000-03:00,39.333333333333336,0.24236666666666667
207ff938-b66d-4137-8343-7088616af16f,5bfa6f7f-4264-48cb-a1fd-f2cab29af86f,15,2022-11-14 19:35:46.108000-03:00,2022-11-14 19:37:49.309000-03:00,192.0,2.05335
207ff938-b66d-4137-8343-7088616af16f,5bfa6f7f-4264-48cb-a1fd-f2cab29af86f,16,2022-11-15 21:09:32.478000-03:00,2022-11-15 21:26:02.219000-03:00,135.0,16.495683333333332
207ff938-b66d-4137-8343-7088616af16f,5bfa6f7f-4264-48cb-a1fd-f2cab29af86f,17,2022-11-16 19:45:19.602000-03:00,2022-11-16 19:45:44.435000-03:00,253.0,0.4138833333333333
207ff938-b66d-4137-8343-7088616af16f,5bfa6f7f-4264-48cb-a1fd-f2cab29af86f,18,2022-11-16 20:10:36.418000-03:00,2022-11-16 20:10:36.418000-03:00,245.0,0.0
207ff938-b66d-4137-8343-7088616af16f,5bfa6f7f-4264-48cb-a1fd-f2cab29af86f,19,2022-11-16 20:45:04.367000-03:00,2022-11-16 20:52:57.040000-03:00,42.25,7.877883333333333
207ff938-b66d-4137-8343-7088616af16f,a39c88d5-33b1-4ef2-a5c2-4bfe08cedf6a,1,2022-11-06 13:39:50.874000-03:00,2022-11-06 13:58:41.487000-03:00,52.666666666666664,18.84355
207ff938-b66d-4137-8343-7088616af16f,a39c88d5-33b1-4ef2-a5c2-4bfe08cedf6a,2,2022-11-06 16:23:34.241000-03:00,2022-11-06 16:26:47.013000-03:00,66.0,3.2128666666666663
207ff938-b66d-4137-8343-7088616af16f,a39c88d5-33b1-4ef2-a5c2-4bfe08cedf6a,3,2022-11-06 17:11:38.050000-03:00,2022-11-06 18:06:50.241000-03:00,193.0,55.20318333333333
207ff938-b66d-4137-8343-7088616af16f,a39c88d5-33b1-4ef2-a5c2-4bfe08cedf6a,4,2022-11-06 19:02:48.256000-03:00,2022-11-06 19:02:48.256000-03:00,43.0,0.0
207ff938-b66d-4137-8343-7088616af16f,a39c88d5-33b1-4ef2-a5c2-4bfe08cedf6a,5,2022-11-06 19:21:23.665000-03:00,2022-11-06 19:25:07.480000-03:00,8.0,3.73025
207ff938-b66d-4137-8343-7088616af16f,a59fd8cb-21b2-4fb6-8431-6ad4943efe18,1,2022-11-19 21:00:15.212000-03:00,2022-11-19 21:01:45.222000-03:00,110.8,1.5001666666666666
207ff938-b66d-4137-8343-7088616af16f,a90d7e53-db59-49be-9ccd-5709053f3202,1,2022-11-10 21:04:09.897000-03:00,2022-11-10 21:39:09.418000-03:00,79.85714285714286,34.99201666666667
207ff938-b66d-4137-8343-7088616af16f,a90d7e53-db59-49be-9ccd-5709053f3202,2,2022-11-11 17:18:00.988000-03:00,2022-11-11 17:18:14.593000-03:00,97.0,0.22675
207ff938-b66d-4137-8343-7088616af16f,a90d7e53-db59-49be-9ccd-5709053f3202,3,2022-11-11 22:36:46.097000-03:00,2022-11-11 22:36:46.097000-03:00,95.0,0.0
207ff938-b66d-4137-8343-7088616af16f,a90d7e53-db59-49be-9ccd-5709053f3202,4,2022-11-12 10:34:41.895000-03:00,2022-11-12 10:34:57.249000-03:00,0.0,0.25589999999999996
207ff938-b66d-4137-8343-7088616af16f,a90d7e53-db59-49be-9ccd-5709053f3202,5,2022-11-12 10:52:45.578000-03:00,2022-11-12 10:57:27.008000-03:00,112.33333333333333,4.6905
207ff938-b66d-4137-8343-7088616af16f,a90d7e53-db59-49be-9ccd-5709053f3202,6,2022-11-12 16:12:59.372000-03:00,2022-11-12 16:13:10.343000-03:00,156.0,0.18285
207ff938-b66d-4137-8343-7088616af16f,a90d7e53-db59-49be-9ccd-5709053f3202,7,2022-11-13 19:06:05.610000-03:00,2022-11-13 19:11:07.406000-03:00,64.8,5.029933333333333
207ff938-b66d-4137-8343-7088616af16f,a90d7e53-db59-49be-9ccd-5709053f3202,8,2022-11-13 20:04:25.826000-03:00,2022-11-13 20:04:25.905000-03:00,171.0,0.0013166666666666667
207ff938-b66d-4137-8343-7088616af16f,a90d7e53-db59-49be-9ccd-5709053f3202,9,2022-11-14 13:01:38.593000-03:00,2022-11-14 13:02:30.900000-03:00,53.5,0.8717833333333334
207ff938-b66d-4137-8343-7088616af16f,a90d7e53-db59-49be-9ccd-5709053f3202,10,2022-11-14 14:07:01.855000-03:00,2022-11-14 14:07:32.575000-03:00,189.5,0.512
207ff938-b66d-4137-8343-7088616af16f,a90d7e53-db59-49be-9ccd-5709053f3202,11,2022-11-14 16:05:48.359000-03:00,2022-11-14 16:05:48.511000-03:00,278.0,0.002533333333333333
207ff938-b66d-4137-8343-7088616af16f,a90d7e53-db59-49be-9ccd-5709053f3202,12,2022-11-14 19:35:46.124000-03:00,2022-11-14 19:42:28.205000-03:00,103.0,6.701350000000001
207ff938-b66d-4137-8343-7088616af16f,a90d7e53-db59-49be-9ccd-5709053f3202,13,2022-11-15 09:53:42.218000-03:00,2022-11-15 09:53:42.218000-03:00,116.0,0.0
207ff938-b66d-4137-8343-7088616af16f,a90d7e53-db59-49be-9ccd-5709053f3202,14,2022-11-17 21:10:16.953000-03:00,2022-11-17 21:14:45.209000-03:00,37.666666666666664,4.470933333333333
207ff938-b66d-4137-8343-7088616af16f,a90d7e53-db59-49be-9ccd-5709053f3202,15,2022-11-17 23:08:24.487000-03:00,2022-11-17 23:09:33.339000-03:00,22.0,1.1475333333333333
207ff938-b66d-4137-8343-7088616af16f,a90d7e53-db59-49be-9ccd-5709053f3202,16,2022-11-19 20:59:35.213000-03:00,2022-11-19 21:30:09.930000-03:00,84.45454545454545,30.57861666666667
207ff938-b66d-4137-8343-7088616af16f,a90d7e53-db59-49be-9ccd-5709053f3202,17,2022-11-19 22:27:28.955000-03:00,2022-11-19 22:27:28.999000-03:00,29.0,0.0007333333333333333
207ff938-b66d-4137-8343-7088616af16f,a98df9f9-acaa-402d-81d0-11dd4cdf8a36,1,2022-11-14 13:01:38.564000-03:00,2022-11-14 13:02:10.430000-03:00,89.0,0.5311
207ff938-b66d-4137-8343-7088616af16f,a98df9f9-acaa-402d-81d0-11dd4cdf8a36,2,2022-11-14 14:07:01.831000-03:00,2022-11-14 14:16:43.217000-03:00,126.25,9.689766666666666
207ff938-b66d-4137-8343-7088616af16f,a98df9f9-acaa-402d-81d0-11dd4cdf8a36,3,2022-11-14 14:41:36.912000-03:00,2022-11-14 14:42:07.428000-03:00,278.0,0.5085999999999999
207ff938-b66d-4137-8343-7088616af16f,a98df9f9-acaa-402d-81d0-11dd4cdf8a36,4,2022-11-14 19:38:38.482000-03:00,2022-11-14 19:39:44.376000-03:00,20.5,1.0982333333333334
207ff938-b66d-4137-8343-7088616af16f,a98df9f9-acaa-402d-81d0-11dd4cdf8a36,5,2022-11-15 21:09:02.475000-03:00,2022-11-15 21:26:02.213000-03:00,126.5,16.995633333333334
207ff938-b66d-4137-8343-7088616af16f,a98df9f9-acaa-402d-81d0-11dd4cdf8a36,6,2022-11-16 23:04:14.806000-03:00,2022-11-16 23:17:37.056000-03:00,46.0,13.370833333333334
207ff938-b66d-4137-8343-7088616af16f,b63b2a50-0b1f-42de-8408-56cc47dd5565,1,2022-11-19 20:59:35.197000-03:00,2022-11-19 21:15:46.028000-03:00,57.42857142857143,16.180516666666666
207ff938-b66d-4137-8343-7088616af16f,b6661f70-3752-433b-9b22-6446c959522c,1,2022-11-07 14:29:44.174000-03:00,2022-11-07 14:47:37.378000-03:00,9.0,17.886733333333332
207ff938-b66d-4137-8343-7088616af16f,b6661f70-3752-433b-9b22-6446c959522c,2,2022-11-07 15:04:52.955000-03:00,2022-11-07 15:14:48.136000-03:00,21.333333333333332,9.919683333333333
207ff938-b66d-4137-8343-7088616af16f,b6661f70-3752-433b-9b22-6446c959522c,3,2022-11-07 15:40:47.110000-03:00,2022-11-07 15:56:21.093000-03:00,58.333333333333336,15.566383333333333
207ff938-b66d-4137-8343-7088616af16f,b6661f70-3752-433b-9b22-6446c959522c,4,2022-11-10 21:04:09.874000-03:00,2022-11-10 21:39:09.409000-03:00,41.166666666666664,34.99225
207ff938-b66d-4137-8343-7088616af16f,b6661f70-3752-433b-9b22-6446c959522c,5,2022-11-11 22:36:46.084000-03:00,2022-11-11 22:36:46.084000-03:00,29.0,0.0
207ff938-b66d-4137-8343-7088616af16f,b6661f70-3752-433b-9b22-6446c959522c,6,2022-11-12 16:12:59.280000-03:00,2022-11-12 16:13:10.326000-03:00,59.0,0.18409999999999999
207ff938-b66d-4137-8343-7088616af16f,b6661f70-3752-433b-9b22-6446c959522c,7,2022-11-13 16:11:35.580000-03:00,2022-11-13 16:13:00.937000-03:00,122.0,1.4226166666666666
207ff938-b66d-4137-8343-7088616af16f,b6661f70-3752-433b-9b22-6446c959522c,8,2022-11-13 19:03:54.357000-03:00,2022-11-13 19:10:35.614000-03:00,21.666666666666668,6.687616666666667
207ff938-b66d-4137-8343-7088616af16f,b6661f70-3752-433b-9b22-6446c959522c,9,2022-11-14 13:01:38.553000-03:00,2022-11-14 13:02:10.413000-03:00,53.0,0.531
207ff938-b66d-4137-8343-7088616af16f,b6661f70-3752-433b-9b22-6446c959522c,10,2022-11-14 14:07:17.373000-03:00,2022-11-14 14:07:50.397000-03:00,66.0,0.5504
207ff938-b66d-4137-8343-7088616af16f,b6661f70-3752-433b-9b22-6446c959522c,11,2022-11-14 15:23:42.037000-03:00,2022-11-14 15:23:57.316000-03:00,10.0,0.25465
207ff938-b66d-4137-8343-7088616af16f,b6661f70-3752-433b-9b22-6446c959522c,12,2022-11-14 15:49:04.841000-03:00,2022-11-14 16:02:25.364000-03:00,23.5,13.34205
207ff938-b66d-4137-8343-7088616af16f,b6661f70-3752-433b-9b22-6446c959522c,13,2022-11-14 19:35:46.086000-03:00,2022-11-14 19:42:33.506000-03:00,88.4,6.790333333333334
207ff938-b66d-4137-8343-7088616af16f,b6661f70-3752-433b-9b22-6446c959522c,14,2022-11-15 21:26:02.107000-03:00,2022-11-15 21:35:46.945000-03:00,135.5,9.7473
207ff938-b66d-4137-8343-7088616af16f,b6661f70-3752-433b-9b22-6446c959522c,15,2022-11-15 22:03:40.093000-03:00,2022-11-15 22:09:06.277000-03:00,2.6666666666666665,5.436400000000001
207ff938-b66d-4137-8343-7088616af16f,b6661f70-3752-433b-9b22-6446c959522c,16,2022-11-16 17:41:53.010000-03:00,2022-11-16 18:27:16.771000-03:00,99.05555555555556,45.39601666666667
207ff938-b66d-4137-8343-7088616af16f,b6661f70-3752-433b-9b22-6446c959522c,17,2022-11-16 19:15:39.132000-03:00,2022-11-16 19:28:01.886000-03:00,282.3333333333333,12.379233333333334
322dd597-9cd0-4f3a-bee0-34e44ce3bd95,70eb7e92-8560-437d-8d2b-7f1afbe05a5f,1,2022-11-13 13:29:24.619000-03:00,2022-11-13 13:30:37.938000-03:00,133.0,1.2219833333333334
322dd597-9cd0-4f3a-bee0-34e44ce3bd95,70eb7e92-8560-437d-8d2b-7f1afbe05a5f,2,2022-11-13 16:06:33.295000-03:00,2022-11-13 16:10:02.654000-03:00,129.0,3.489316666666667
4dc30af1-793b-47c6-83ad-8412f2ff4f7c,207ff938-b66d-4137-8343-7088616af16f,1,2022-11-10 18:48:58.833000-03:00,2022-11-10 18:48:58.833000-03:00,1.0,0.0
4dc30af1-793b-47c6-83ad-8412f2ff4f7c,207ff938-b66d-4137-8343-7088616af16f,2,2022-11-10 21:15:04.695000-03:00,2022-11-10 21:15:06.426000-03:00,3.5,0.02885
4dc30af1-793b-47c6-83ad-8412f2ff4f7c,207ff938-b66d-4137-8343-7088616af16f,3,2022-11-13 20:04:47.662000-03:00,2022-11-13 20:04:55.688000-03:00,2.0,0.13376666666666667
4dc30af1-793b-47c6-83ad-8412f2ff4f7c,207ff938-b66d-4137-8343-7088616af16f,4,2022-11-14 19:38:53.301000-03:00,2022-11-14 19:38:53.301000-03:00,35.0,0.0
4dc30af1-793b-47c6-83ad-8412f2ff4f7c,a90d7e53-db59-49be-9ccd-5709053f3202,1,2022-11-10 21:15:04.678000-03:00,2022-11-10 21:15:04.678000-03:00,165.0,0.0
4dc30af1-793b-47c6-83ad-8412f2ff4f7c,a98df9f9-acaa-402d-81d0-11dd4cdf8a36,1,2022-11-14 19:38:53.285000-03:00,2022-11-14 19:38:53.285000-03:00,102.0,0.0
4dc30af1-793b-47c6-83ad-8412f2ff4f7c,b6661f70-3752-433b-9b22-6446c959522c,1,2022-11-10 21:15:04.655000-03:00,2022-11-10 21:15:04.655000-03:00,30.0,0.0
4dc30af1-793b-47c6-83ad-8412f2ff4f7c,b6661f70-3752-433b-9b22-6446c959522c,2,2022-11-14 19:38:53.245000-03:00,2022-11-14 19:39:39.422000-03:00,228.0,0.7696166666666666
4e4706fa-e322-4972-825a-3306ed674c00,b63b2a50-0b1f-42de-8408-56cc47dd5565,1,2022-11-16 12:44:39.920000-03:00,2022-11-16 12:44:50.960000-03:00,11.0,0.184
5bfa6f7f-4264-48cb-a1fd-f2cab29af86f,000b70b6-3d74-42dc-8ff2-52fd0f4e9ec3,1,2022-11-14 13:21:34.672000-03:00,2022-11-14 13:21:44.919000-03:00,490.0,0.17078333333333334
5bfa6f7f-4264-48cb-a1fd-f2cab29af86f,000b70b6-3d74-42dc-8ff2-52fd0f4e9ec3,2,2022-11-14 14:06:55.181000-03:00,2022-11-14 14:10:40.185000-03:00,254.75,3.7500666666666667
5bfa6f7f-4264-48cb-a1fd-f2cab29af86f,000b70b6-3d74-42dc-8ff2-52fd0f4e9ec3,3,2022-11-14 14:41:49.496000-03:00,2022-11-14 14:41:50.468000-03:00,51.0,0.0162
5bfa6f7f-4264-48cb-a1fd-f2cab29af86f,000b70b6-3d74-42dc-8ff2-52fd0f4e9ec3,4,2022-11-14 15:47:34.811000-03:00,2022-11-14 16:05:56.162000-03:00,25.5,18.35585
5bfa6f7f-4264-48cb-a1fd-f2cab29af86f,000b70b6-3d74-42dc-8ff2-52fd0f4e9ec3,5,2022-11-14 16:53:46.702000-03:00,2022-11-14 16:53:58.837000-03:00,61.5,0.20224999999999999
5bfa6f7f-4264-48cb-a1fd-f2cab29af86f,000b70b6-3d74-42dc-8ff2-52fd0f4e9ec3,6,2022-11-15 21:09:33.415000-03:00,2022-11-15 21:32:17.555000-03:00,278.8,22.735666666666667
5bfa6f7f-4264-48cb-a1fd-f2cab29af86f,000b70b6-3d74-42dc-8ff2-52fd0f4e9ec3,7,2022-11-16 20:49:31.783000-03:00,2022-11-16 20:49:52.124000-03:00,259.3333333333333,0.3390166666666667
5bfa6f7f-4264-48cb-a1fd-f2cab29af86f,0bf9011d-3b83-41fb-b3c8-46e5e240da1e,1,2022-11-16 20:49:31.736000-03:00,2022-11-16 20:50:08.612000-03:00,40.0,0.6145999999999999
5bfa6f7f-4264-48cb-a1fd-f2cab29af86f,0bf9011d-3b83-41fb-b3c8-46e5e240da1e,2,2022-11-16 21:17:31.873000-03:00,2022-11-16 21:17:31.887000-03:00,217.0,0.00023333333333333333
5bfa6f7f-4264-48cb-a1fd-f2cab29af86f,207ff938-b66d-4137-8343-7088616af16f,1,2022-11-10 18:46:18.569000-03:00,2022-11-10 18:46:18.569000-03:00,171.0,0.0
5bfa6f7f-4264-48cb-a1fd-f2cab29af86f,207ff938-b66d-4137-8343-7088616af16f,2,2022-11-10 21:22:49.380000-03:00,2022-11-10 21:22:52.311000-03:00,336.0,0.04885
5bfa6f7f-4264-48cb-a1fd-f2cab29af86f,207ff938-b66d-4137-8343-7088616af16f,3,2022-11-12 10:01:13.339000-03:00,2022-11-12 10:01:13.339000-03:00,367.0,0.0
5bfa6f7f-4264-48cb-a1fd-f2cab29af86f,207ff938-b66d-4137-8343-7088616af16f,4,2022-11-12 10:55:00.504000-03:00,2022-11-12 10:56:36.344000-03:00,12.0,1.5973333333333335
5bfa6f7f-4264-48cb-a1fd-f2cab29af86f,207ff938-b66d-4137-8343-7088616af16f,5,2022-11-12 14:01:49.025000-03:00,2022-11-12 14:03:26.159000-03:00,83.0,1.6189
5bfa6f7f-4264-48cb-a1fd-f2cab29af86f,207ff938-b66d-4137-8343-7088616af16f,6,2022-11-13 19:07:18.067000-03:00,2022-11-13 19:13:59.315000-03:00,227.25,6.6874666666666664
5bfa6f7f-4264-48cb-a1fd-f2cab29af86f,207ff938-b66d-4137-8343-7088616af16f,7,2022-11-14 13:21:34.687000-03:00,2022-11-14 13:21:44.934000-03:00,460.0,0.17078333333333334
5bfa6f7f-4264-48cb-a1fd-f2cab29af86f,207ff938-b66d-4137-8343-7088616af16f,8,2022-11-14 14:06:52.933000-03:00,2022-11-14 14:11:21.154000-03:00,83.75,4.47035
5bfa6f7f-4264-48cb-a1fd-f2cab29af86f,207ff938-b66d-4137-8343-7088616af16f,9,2022-11-14 14:41:49.514000-03:00,2022-11-14 14:41:50.475000-03:00,7.0,0.016016666666666665
5bfa6f7f-4264-48cb-a1fd-f2cab29af86f,207ff938-b66d-4137-8343-7088616af16f,10,2022-11-14 15:47:34.820000-03:00,2022-11-14 16:06:13.309000-03:00,295.25,18.641483333333333
5bfa6f7f-4264-48cb-a1fd-f2cab29af86f,207ff938-b66d-4137-8343-7088616af16f,11,2022-11-14 19:36:46.692000-03:00,2022-11-14 19:41:07.961000-03:00,85.75,4.3544833333333335
5bfa6f7f-4264-48cb-a1fd-f2cab29af86f,207ff938-b66d-4137-8343-7088616af16f,12,2022-11-15 21:09:33.422000-03:00,2022-11-15 21:09:55.470000-03:00,107.0,0.36746666666666666
5bfa6f7f-4264-48cb-a1fd-f2cab29af86f,207ff938-b66d-4137-8343-7088616af16f,13,2022-11-16 19:35:47.098000-03:00,2022-11-16 19:38:48.517000-03:00,415.6666666666667,3.0236500000000004
5bfa6f7f-4264-48cb-a1fd-f2cab29af86f,207ff938-b66d-4137-8343-7088616af16f,14,2022-11-16 20:16:27.787000-03:00,2022-11-16 20:20:30.496000-03:00,692.0,4.0451500000000005
5bfa6f7f-4264-48cb-a1fd-f2cab29af86f,207ff938-b66d-4137-8343-7088616af16f,15,2022-11-16 20:49:31.804000-03:00,2022-11-16 20:49:52.145000-03:00,13.0,0.3390166666666667
5bfa6f7f-4264-48cb-a1fd-f2cab29af86f,a90d7e53-db59-49be-9ccd-5709053f3202,1,2022-11-10 20:57:29.575000-03:00,2022-11-10 20:57:29.610000-03:00,592.0,0.0005833333333333334
5bfa6f7f-4264-48cb-a1fd-f2cab29af86f,a90d7e53-db59-49be-9ccd-5709053f3202,2,2022-11-10 21:22:52.283000-03:00,2022-11-10 21:22:52.303000-03:00,223.0,0.0003333333333333333
5bfa6f7f-4264-48cb-a1fd-f2cab29af86f,a90d7e53-db59-49be-9ccd-5709053f3202,3,2022-11-12 10:55:44.447000-03:00,2022-11-12 10:56:52.243000-03:00,713.0,1.1299333333333335
5bfa6f7f-4264-48cb-a1fd-f2cab29af86f,a90d7e53-db59-49be-9ccd-5709053f3202,4,2022-11-13 19:07:28.412000-03:00,2022-11-13 19:15:43.147000-03:00,374.8,8.245583333333334
5bfa6f7f-4264-48cb-a1fd-f2cab29af86f,a90d7e53-db59-49be-9ccd-5709053f3202,5,2022-11-14 13:00:25.223000-03:00,2022-11-14 13:00:50.756000-03:00,116.0,0.42555000000000004
5bfa6f7f-4264-48cb-a1fd-f2cab29af86f,a90d7e53-db59-49be-9ccd-5709053f3202,6,2022-11-14 13:21:34.652000-03:00,2022-11-14 13:21:44.905000-03:00,261.0,0.17088333333333333
5bfa6f7f-4264-48cb-a1fd-f2cab29af86f,a90d7e53-db59-49be-9ccd-5709053f3202,7,2022-11-14 14:06:52.927000-03:00,2022-11-14 14:10:40.177000-03:00,621.75,3.7875
5bfa6f7f-4264-48cb-a1fd-f2cab29af86f,a90d7e53-db59-49be-9ccd-5709053f3202,8,2022-11-14 16:05:40.936000-03:00,2022-11-14 16:05:56.146000-03:00,460.0,0.2535
5bfa6f7f-4264-48cb-a1fd-f2cab29af86f,a90d7e53-db59-49be-9ccd-5709053f3202,9,2022-11-14 19:40:57.530000-03:00,2022-11-14 19:40:57.606000-03:00,713.0,0.0012666666666666666
5bfa6f7f-4264-48cb-a1fd-f2cab29af86f,a98df9f9-acaa-402d-81d0-11dd4cdf8a36,1,2022-11-13 19:14:16.977000-03:00,2022-11-13 19:16:25.364000-03:00,1.5,2.1397833333333334
5bfa6f7f-4264-48cb-a1fd-f2cab29af86f,a98df9f9-acaa-402d-81d0-11dd4cdf8a36,2,2022-11-14 13:00:25.185000-03:00,2022-11-14 13:00:50.741000-03:00,116.0,0.42593333333333333
5bfa6f7f-4264-48cb-a1fd-f2cab29af86f,a98df9f9-acaa-402d-81d0-11dd4cdf8a36,3,2022-11-14 13:21:34.634000-03:00,2022-11-14 13:21:44.892000-03:00,230.0,0.17096666666666666
5bfa6f7f-4264-48cb-a1fd-f2cab29af86f,a98df9f9-acaa-402d-81d0-11dd4cdf8a36,4,2022-11-14 14:06:52.921000-03:00,2022-11-14 14:10:40.161000-03:00,188.0,3.7873333333333337
5bfa6f7f-4264-48cb-a1fd-f2cab29af86f,a98df9f9-acaa-402d-81d0-11dd4cdf8a36,5,2022-11-14 14:41:50.463000-03:00,2022-11-14 14:42:07.393000-03:00,253.5,0.2821666666666667
5bfa6f7f-4264-48cb-a1fd-f2cab29af86f,a98df9f9-acaa-402d-81d0-11dd4cdf8a36,6,2022-11-15 21:09:33.403000-03:00,2022-11-15 21:26:44.887000-03:00,66.66666666666667,17.191399999999998
5bfa6f7f-4264-48cb-a1fd-f2cab29af86f,a98df9f9-acaa-402d-81d0-11dd4cdf8a36,7,2022-11-16 20:21:19.970000-03:00,2022-11-16 20:21:19.970000-03:00,278.0,0.0
5bfa6f7f-4264-48cb-a1fd-f2cab29af86f,b6661f70-3752-433b-9b22-6446c959522c,1,2022-11-10 21:22:49.365000-03:00,2022-11-10 21:22:52.297000-03:00,315.0,0.04886666666666666
5bfa6f7f-4264-48cb-a1fd-f2cab29af86f,b6661f70-3752-433b-9b22-6446c959522c,2,2022-11-11 17:19:47.555000-03:00,2022-11-11 17:19:47.555000-03:00,592.0,0.0
5bfa6f7f-4264-48cb-a1fd-f2cab29af86f,b6661f70-3752-433b-9b22-6446c959522c,3,2022-11-13 16:12:45.409000-03:00,2022-11-13 16:12:45.409000-03:00,136.0,0.0
5bfa6f7f-4264-48cb-a1fd-f2cab29af86f,b6661f70-3752-433b-9b22-6446c959522c,4,2022-11-13 19:07:18.039000-03:00,2022-11-13 19:08:52.912000-03:00,193.25,1.5812166666666667
5bfa6f7f-4264-48cb-a1fd-f2cab29af86f,b6661f70-3752-433b-9b22-6446c959522c,5,2022-11-14 13:21:34.610000-03:00,2022-11-14 13:21:44.882000-03:00,116.0,0.1712
5bfa6f7f-4264-48cb-a1fd-f2cab29af86f,b6661f70-3752-433b-9b22-6446c959522c,6,2022-11-14 14:06:52.910000-03:00,2022-11-14 14:07:11.203000-03:00,142.5,0.30488333333333334
5bfa6f7f-4264-48cb-a1fd-f2cab29af86f,b6661f70-3752-433b-9b22-6446c959522c,7,2022-11-14 15:47:34.800000-03:00,2022-11-14 16:05:56.138000-03:00,264.3333333333333,18.355633333333333
5bfa6f7f-4264-48cb-a1fd-f2cab29af86f,b6661f70-3752-433b-9b22-6446c959522c,8,2022-11-14 16:53:58.727000-03:00,2022-11-14 16:53:58.828000-03:00,556.0,0.0016833333333333333
5bfa6f7f-4264-48cb-a1fd-f2cab29af86f,b6661f70-3752-433b-9b22-6446c959522c,9,2022-11-14 19:36:46.682000-03:00,2022-11-14 19:37:29.406000-03:00,454.0,0.7120666666666666
5bfa6f7f-4264-48cb-a1fd-f2cab29af86f,b6661f70-3752-433b-9b22-6446c959522c,10,2022-11-15 21:24:12.638000-03:00,2022-11-15 21:26:44.858000-03:00,232.0,2.537
a39c88d5-33b1-4ef2-a5c2-4bfe08cedf6a,207ff938-b66d-4137-8343-7088616af16f,1,2022-11-06 12:55:06.374000-03:00,2022-11-06 12:56:38.412000-03:00,421.3333333333333,1.5339666666666667
a39c88d5-33b1-4ef2-a5c2-4bfe08cedf6a,207ff938-b66d-4137-8343-7088616af16f,2,2022-11-06 13:19:55.931000-03:00,2022-11-06 13:34:57.552000-03:00,21.5,15.027016666666666
a39c88d5-33b1-4ef2-a5c2-4bfe08cedf6a,207ff938-b66d-4137-8343-7088616af16f,3,2022-11-06 16:23:47.886000-03:00,2022-11-06 16:24:20.642000-03:00,1.0,0.5459333333333334
a39c88d5-33b1-4ef2-a5c2-4bfe08cedf6a,207ff938-b66d-4137-8343-7088616af16f,4,2022-11-06 18:03:41.340000-03:00,2022-11-06 18:06:46.334000-03:00,55.5,3.0832333333333333
a39c88d5-33b1-4ef2-a5c2-4bfe08cedf6a,207ff938-b66d-4137-8343-7088616af16f,5,2022-11-06 19:02:43.093000-03:00,2022-11-06 19:08:14.787000-03:00,13.0,5.5282333333333336
a39c88d5-33b1-4ef2-a5c2-4bfe08cedf6a,207ff938-b66d-4137-8343-7088616af16f,6,2022-11-06 19:21:19.823000-03:00,2022-11-06 19:25:11.841000-03:00,7.5,3.866966666666667
a39c88d5-33b1-4ef2-a5c2-4bfe08cedf6a,207ff938b66d413783437088616af16f,1,2022-11-06 12:43:05.352000-03:00,2022-11-06 12:51:15.345000-03:00,136.5,8.166549999999999
a90d7e53-db59-49be-9ccd-5709053f3202,000b70b6-3d74-42dc-8ff2-52fd0f4e9ec3,1,2022-11-14 16:04:20.742000-03:00,2022-11-14 16:04:20.742000-03:00,34.0,0.0
a90d7e53-db59-49be-9ccd-5709053f3202,207ff938-b66d-4137-8343-7088616af16f,1,2022-11-10 20:53:17.454000-03:00,2022-11-10 21:27:20.957000-03:00,90.1,34.05838333333333
a90d7e53-db59-49be-9ccd-5709053f3202,207ff938-b66d-4137-8343-7088616af16f,2,2022-11-11 17:18:14.280000-03:00,2022-11-11 17:23:22.075000-03:00,158.66666666666666,5.129916666666667
a90d7e53-db59-49be-9ccd-5709053f3202,207ff938-b66d-4137-8343-7088616af16f,3,2022-11-12 10:34:45.181000-03:00,2022-11-12 10:34:45.181000-03:00,101.0,0.0
a90d7e53-db59-49be-9ccd-5709053f3202,207ff938-b66d-4137-8343-7088616af16f,4,2022-11-13 19:05:45.843000-03:00,2022-11-13 19:12:13.784000-03:00,128.25,6.465683333333333
a90d7e53-db59-49be-9ccd-5709053f3202,207ff938-b66d-4137-8343-7088616af16f,5,2022-11-14 19:35:38.046000-03:00,2022-11-14 19:35:41.127000-03:00,64.0,0.05135
a90d7e53-db59-49be-9ccd-5709053f3202,207ff938-b66d-4137-8343-7088616af16f,6,2022-11-15 09:53:28.104000-03:00,2022-11-15 09:54:01.252000-03:00,61.5,0.5524666666666668
a90d7e53-db59-49be-9ccd-5709053f3202,207ff938-b66d-4137-8343-7088616af16f,7,2022-11-17 21:09:19.674000-03:00,2022-11-17 21:10:39.793000-03:00,48.5,1.3353166666666667
a90d7e53-db59-49be-9ccd-5709053f3202,207ff938-b66d-4137-8343-7088616af16f,8,2022-11-19 21:01:31.990000-03:00,2022-11-19 21:02:52.327000-03:00,0.8,1.33895
a90d7e53-db59-49be-9ccd-5709053f3202,207ff938-b66d-4137-8343-7088616af16f,9,2022-11-19 21:21:10.121000-03:00,2022-11-19 21:22:00.195000-03:00,4.5,0.8345666666666667
a90d7e53-db59-49be-9ccd-5709053f3202,5bfa6f7f-4264-48cb-a1fd-f2cab29af86f,1,2022-11-10 21:01:20.410000-03:00,2022-11-10 21:01:20.460000-03:00,257.0,0.0008333333333333334
a90d7e53-db59-49be-9ccd-5709053f3202,5bfa6f7f-4264-48cb-a1fd-f2cab29af86f,2,2022-11-10 21:11:12.552000-03:00,2022-11-10 21:21:46.344000-03:00,148.0,10.5632
a90d7e53-db59-49be-9ccd-5709053f3202,5bfa6f7f-4264-48cb-a1fd-f2cab29af86f,3,2022-11-11 17:19:36.166000-03:00,2022-11-11 17:23:22.049000-03:00,136.0,3.7647166666666667
a90d7e53-db59-49be-9ccd-5709053f3202,5bfa6f7f-4264-48cb-a1fd-f2cab29af86f,4,2022-11-12 10:34:45.143000-03:00,2022-11-12 10:35:04.612000-03:00,204.0,0.32448333333333335
a90d7e53-db59-49be-9ccd-5709053f3202,5bfa6f7f-4264-48cb-a1fd-f2cab29af86f,5,2022-11-12 14:26:26.711000-03:00,2022-11-12 14:26:40.876000-03:00,296.0,0.2360833333333333
a90d7e53-db59-49be-9ccd-5709053f3202,5bfa6f7f-4264-48cb-a1fd-f2cab29af86f,6,2022-11-13 19:16:18.719000-03:00,2022-11-13 19:16:18.853000-03:00,315.0,0.0022333333333333333
a90d7e53-db59-49be-9ccd-5709053f3202,5bfa6f7f-4264-48cb-a1fd-f2cab29af86f,7,2022-11-14 16:04:20.733000-03:00,2022-11-14 16:04:20.733000-03:00,186.0,0.0
a90d7e53-db59-49be-9ccd-5709053f3202,5bfa6f7f-4264-48cb-a1fd-f2cab29af86f,8,2022-11-14 19:37:51.912000-03:00,2022-11-14 19:37:51.950000-03:00,148.0,0.0006333333333333333
a90d7e53-db59-49be-9ccd-5709053f3202,a59fd8cb-21b2-4fb6-8431-6ad4943efe18,1,2022-11-19 20:23:42.505000-03:00,2022-11-19 20:23:42.505000-03:00,59.0,0.0
a90d7e53-db59-49be-9ccd-5709053f3202,a59fd8cb-21b2-4fb6-8431-6ad4943efe18,2,2022-11-19 21:01:37.437000-03:00,2022-11-19 21:02:12.309000-03:00,59.25,0.5812
a90d7e53-db59-49be-9ccd-5709053f3202,a98df9f9-acaa-402d-81d0-11dd4cdf8a36,1,2022-11-14 12:52:34.349000-03:00,2022-11-14 12:52:34.371000-03:00,12.0,0.00036666666666666667
a90d7e53-db59-49be-9ccd-5709053f3202,a98df9f9-acaa-402d-81d0-11dd4cdf8a36,2,2022-11-15 09:53:28.066000-03:00,2022-11-15 09:53:30.523000-03:00,66.5,0.04095
a90d7e53-db59-49be-9ccd-5709053f3202,b63b2a50-0b1f-42de-8408-56cc47dd5565,1,2022-11-19 20:23:29.191000-03:00,2022-11-19 20:23:42.400000-03:00,78.0,0.22014999999999998
a90d7e53-db59-49be-9ccd-5709053f3202,b63b2a50-0b1f-42de-8408-56cc47dd5565,2,2022-11-19 21:01:31.966000-03:00,2022-11-19 21:03:14.197000-03:00,7.4,1.7038499999999999
a90d7e53-db59-49be-9ccd-5709053f3202,b63b2a50-0b1f-42de-8408-56cc47dd5565,3,2022-11-19 21:21:10.080000-03:00,2022-11-19 21:21:10.133000-03:00,8.0,0.0008833333333333333
a90d7e53-db59-49be-9ccd-5709053f3202,b6661f70-3752-433b-9b22-6446c959522c,1,2022-11-10 20:53:17.419000-03:00,2022-11-10 21:01:59.683000-03:00,104.25,8.7044
a90d7e53-db59-49be-9ccd-5709053f3202,b6661f70-3752-433b-9b22-6446c959522c,2,2022-11-10 21:11:12.392000-03:00,2022-11-10 21:27:20.940000-03:00,9.6,16.142466666666667
a90d7e53-db59-49be-9ccd-5709053f3202,b6661f70-3752-433b-9b22-6446c959522c,3,2022-11-11 17:18:36.147000-03:00,2022-11-11 17:23:46.084000-03:00,5.0,5.165616666666667
a90d7e53-db59-49be-9ccd-5709053f3202,b6661f70-3752-433b-9b22-6446c959522c,4,2022-11-12 14:26:17.762000-03:00,2022-11-12 14:26:40.862000-03:00,2.0,0.385
a90d7e53-db59-49be-9ccd-5709053f3202,b6661f70-3752-433b-9b22-6446c959522c,5,2022-11-13 19:05:45.826000-03:00,2022-11-13 19:06:00.527000-03:00,85.0,0.2450166666666667
a90d7e53-db59-49be-9ccd-5709053f3202,b6661f70-3752-433b-9b22-6446c959522c,6,2022-11-14 16:04:20.718000-03:00,2022-11-14 16:04:20.718000-03:00,74.0,0.0
a90d7e53-db59-49be-9ccd-5709053f3202,b6661f70-3752-433b-9b22-6446c959522c,7,2022-11-14 19:35:38.008000-03:00,2022-11-14 19:37:51.932000-03:00,36.0,2.232066666666667
a90d7e53-db59-49be-9ccd-5709053f3202,f4879745-604e-4e59-8304-1dea9e25eb0d,1,2022-11-15 22:12:01.905000-03:00,2022-11-15 22:12:44.158000-03:00,21.0,0.7042166666666667
a90d7e53-db59-49be-9ccd-5709053f3202,f4879745-604e-4e59-8304-1dea9e25eb0d,2,2022-11-16 20:24:48.685000-03:00,2022-11-16 20:25:22.924000-03:00,207.0,0.57065
a90d7e53-db59-49be-9ccd-5709053f3202,f4879745-604e-4e59-8304-1dea9e25eb0d,3,2022-11-16 21:13:56.163000-03:00,2022-11-16 21:14:56.094000-03:00,166.66666666666666,0.9988499999999999
a98df9f9-acaa-402d-81d0-11dd4cdf8a36,000b70b6-3d74-42dc-8ff2-52fd0f4e9ec3,1,2022-11-14 14:07:13.034000-03:00,2022-11-14 14:07:49.703000-03:00,174.0,0.61115
a98df9f9-acaa-402d-81d0-11dd4cdf8a36,000b70b6-3d74-42dc-8ff2-52fd0f4e9ec3,2,2022-11-15 21:09:12.752000-03:00,2022-11-15 21:23:55.539000-03:00,126.0,14.713116666666668
a98df9f9-acaa-402d-81d0-11dd4cdf8a36,000b70b6-3d74-42dc-8ff2-52fd0f4e9ec3,3,2022-11-16 20:34:21.132000-03:00,2022-11-16 20:34:21.132000-03:00,181.0,0.0
a98df9f9-acaa-402d-81d0-11dd4cdf8a36,000b70b6-3d74-42dc-8ff2-52fd0f4e9ec3,4,2022-11-16 21:57:46.296000-03:00,2022-11-16 22:06:38.711000-03:00,195.4,8.873583333333332
a98df9f9-acaa-402d-81d0-11dd4cdf8a36,0bf9011d-3b83-41fb-b3c8-46e5e240da1e,1,2022-11-16 20:34:21.095000-03:00,2022-11-16 20:34:21.095000-03:00,357.0,0.0
a98df9f9-acaa-402d-81d0-11dd4cdf8a36,0bf9011d-3b83-41fb-b3c8-46e5e240da1e,2,2022-11-16 21:57:37.261000-03:00,2022-11-16 22:05:54.174000-03:00,82.33333333333333,8.281883333333333
a98df9f9-acaa-402d-81d0-11dd4cdf8a36,207ff938-b66d-4137-8343-7088616af16f,1,2022-11-10 19:27:05.323000-03:00,2022-11-10 19:27:35.092000-03:00,432.0,0.49615
a98df9f9-acaa-402d-81d0-11dd4cdf8a36,207ff938-b66d-4137-8343-7088616af16f,2,2022-11-10 20:35:29.695000-03:00,2022-11-10 20:35:43.142000-03:00,23.0,0.22411666666666666
a98df9f9-acaa-402d-81d0-11dd4cdf8a36,207ff938-b66d-4137-8343-7088616af16f,3,2022-11-12 10:00:51.818000-03:00,2022-11-12 10:05:28.778000-03:00,88.5,4.616
a98df9f9-acaa-402d-81d0-11dd4cdf8a36,207ff938-b66d-4137-8343-7088616af16f,4,2022-11-14 14:07:10.792000-03:00,2022-11-14 14:07:49.719000-03:00,14.0,0.6487833333333334
a98df9f9-acaa-402d-81d0-11dd4cdf8a36,207ff938-b66d-4137-8343-7088616af16f,5,2022-11-14 19:38:52.920000-03:00,2022-11-14 19:40:25.073000-03:00,119.0,1.5358833333333335
a98df9f9-acaa-402d-81d0-11dd4cdf8a36,207ff938-b66d-4137-8343-7088616af16f,6,2022-11-15 09:53:29.635000-03:00,2022-11-15 09:54:28.808000-03:00,148.0,0.9862166666666667
a98df9f9-acaa-402d-81d0-11dd4cdf8a36,207ff938-b66d-4137-8343-7088616af16f,7,2022-11-15 21:09:12.837000-03:00,2022-11-15 21:09:27.314000-03:00,16.0,0.24128333333333335
a98df9f9-acaa-402d-81d0-11dd4cdf8a36,207ff938-b66d-4137-8343-7088616af16f,8,2022-11-16 19:35:19.714000-03:00,2022-11-16 19:36:47.877000-03:00,369.0,1.4693833333333333
a98df9f9-acaa-402d-81d0-11dd4cdf8a36,207ff938-b66d-4137-8343-7088616af16f,9,2022-11-16 21:57:37.311000-03:00,2022-11-16 22:05:54.231000-03:00,103.0,8.282
a98df9f9-acaa-402d-81d0-11dd4cdf8a36,5bfa6f7f-4264-48cb-a1fd-f2cab29af86f,1,2022-11-10 19:27:05.281000-03:00,2022-11-10 19:27:21.827000-03:00,21.0,0.27576666666666666
a98df9f9-acaa-402d-81d0-11dd4cdf8a36,5bfa6f7f-4264-48cb-a1fd-f2cab29af86f,2,2022-11-10 20:35:29.658000-03:00,2022-11-10 20:35:43.112000-03:00,108.0,0.22423333333333334
a98df9f9-acaa-402d-81d0-11dd4cdf8a36,5bfa6f7f-4264-48cb-a1fd-f2cab29af86f,3,2022-11-12 10:01:16.887000-03:00,2022-11-12 10:05:28.731000-03:00,143.5,4.1974
a98df9f9-acaa-402d-81d0-11dd4cdf8a36,5bfa6f7f-4264-48cb-a1fd-f2cab29af86f,4,2022-11-13 19:14:17.719000-03:00,2022-11-13 19:17:28.783000-03:00,0.0,3.1843999999999997
a98df9f9-acaa-402d-81d0-11dd4cdf8a36,5bfa6f7f-4264-48cb-a1fd-f2cab29af86f,5,2022-11-14 13:00:27.523000-03:00,2022-11-14 13:00:48.297000-03:00,29.0,0.34623333333333334
a98df9f9-acaa-402d-81d0-11dd4cdf8a36,5bfa6f7f-4264-48cb-a1fd-f2cab29af86f,6,2022-11-14 14:07:10.762000-03:00,2022-11-14 14:07:38.288000-03:00,190.5,0.45876666666666666
a98df9f9-acaa-402d-81d0-11dd4cdf8a36,5bfa6f7f-4264-48cb-a1fd-f2cab29af86f,7,2022-11-15 21:09:27.210000-03:00,2022-11-15 21:29:53.699000-03:00,43.25,20.441483333333334
a98df9f9-acaa-402d-81d0-11dd4cdf8a36,5bfa6f7f-4264-48cb-a1fd-f2cab29af86f,8,2022-11-16 19:35:36.277000-03:00,2022-11-16 19:36:04.622000-03:00,234.0,0.47241666666666665
a98df9f9-acaa-402d-81d0-11dd4cdf8a36,5bfa6f7f-4264-48cb-a1fd-f2cab29af86f,9,2022-11-16 20:21:13.338000-03:00,2022-11-16 20:34:21.027000-03:00,96.0,13.12815
a98df9f9-acaa-402d-81d0-11dd4cdf8a36,a90d7e53-db59-49be-9ccd-5709053f3202,1,2022-11-13 19:15:38.474000-03:00,2022-11-13 19:15:38.701000-03:00,592.0,0.0037833333333333334
a98df9f9-acaa-402d-81d0-11dd4cdf8a36,a90d7e53-db59-49be-9ccd-5709053f3202,2,2022-11-14 12:52:27.397000-03:00,2022-11-14 13:00:48.342000-03:00,55.4,8.349083333333333
a98df9f9-acaa-402d-81d0-11dd4cdf8a36,a90d7e53-db59-49be-9ccd-5709053f3202,3,2022-11-14 14:07:17.084000-03:00,2022-11-14 14:07:17.190000-03:00,432.0,0.0017666666666666666
a98df9f9-acaa-402d-81d0-11dd4cdf8a36,a90d7e53-db59-49be-9ccd-5709053f3202,4,2022-11-15 09:53:29.587000-03:00,2022-11-15 09:53:29.587000-03:00,103.0,0.0
a98df9f9-acaa-402d-81d0-11dd4cdf8a36,a90d7e53-db59-49be-9ccd-5709053f3202,5,2022-11-15 10:14:32.868000-03:00,2022-11-15 10:15:15.025000-03:00,181.0,0.7026166666666666
a98df9f9-acaa-402d-81d0-11dd4cdf8a36,b6661f70-3752-433b-9b22-6446c959522c,1,2022-11-10 19:27:05.226000-03:00,2022-11-10 19:27:21.777000-03:00,483.0,0.27585
a98df9f9-acaa-402d-81d0-11dd4cdf8a36,b6661f70-3752-433b-9b22-6446c959522c,2,2022-11-10 20:35:29.549000-03:00,2022-11-10 20:35:43-03:00,539.0,0.22418333333333335
a98df9f9-acaa-402d-81d0-11dd4cdf8a36,b6661f70-3752-433b-9b22-6446c959522c,3,2022-11-14 14:07:10.690000-03:00,2022-11-14 14:07:17.167000-03:00,59.5,0.10795
a98df9f9-acaa-402d-81d0-11dd4cdf8a36,b6661f70-3752-433b-9b22-6446c959522c,4,2022-11-14 19:38:52.875000-03:00,2022-11-14 19:40:14.313000-03:00,460.0,1.3573
a98df9f9-acaa-402d-81d0-11dd4cdf8a36,b6661f70-3752-433b-9b22-6446c959522c,5,2022-11-15 21:23:36.047000-03:00,2022-11-15 21:29:53.674000-03:00,320.0,6.293783333333334
b63b2a50-0b1f-42de-8408-56cc47dd5565,207ff938-b66d-4137-8343-7088616af16f,1,2022-11-19 20:59:32.578000-03:00,2022-11-19 21:21:28.683000-03:00,22.333333333333332,21.935083333333335
b63b2a50-0b1f-42de-8408-56cc47dd5565,a59fd8cb-21b2-4fb6-8431-6ad4943efe18,1,2022-11-12 14:44:21.320000-03:00,2022-11-12 14:44:21.366000-03:00,23.0,0.0007666666666666667
b63b2a50-0b1f-42de-8408-56cc47dd5565,a59fd8cb-21b2-4fb6-8431-6ad4943efe18,2,2022-11-19 20:23:41.017000-03:00,2022-11-19 20:23:41.068000-03:00,10.0,0.00085
b63b2a50-0b1f-42de-8408-56cc47dd5565,a59fd8cb-21b2-4fb6-8431-6ad4943efe18,3,2022-11-19 21:00:16.299000-03:00,2022-11-19 21:02:02.007000-03:00,56.0,1.7618
b63b2a50-0b1f-42de-8408-56cc47dd5565,a90d7e53-db59-49be-9ccd-5709053f3202,1,2022-11-19 20:23:31.334000-03:00,2022-11-19 20:26:29.655000-03:00,42.2,2.9720166666666668
b63b2a50-0b1f-42de-8408-56cc47dd5565,a90d7e53-db59-49be-9ccd-5709053f3202,2,2022-11-19 20:59:32.564000-03:00,2022-11-19 21:21:16.417000-03:00,28.227272727272727,21.730883333333335
b6661f70-3752-433b-9b22-6446c959522c,000b70b6-3d74-42dc-8ff2-52fd0f4e9ec3,1,2022-11-14 13:01:49.802000-03:00,2022-11-14 13:08:23.738000-03:00,171.0,6.5656
b6661f70-3752-433b-9b22-6446c959522c,000b70b6-3d74-42dc-8ff2-52fd0f4e9ec3,2,2022-11-14 13:08:53.227000-03:00,2022-11-14 13:34:15.387000-03:00,134.5,25.369333333333334
b6661f70-3752-433b-9b22-6446c959522c,000b70b6-3d74-42dc-8ff2-52fd0f4e9ec3,3,2022-11-14 14:07:34.614000-03:00,2022-11-14 14:09:56.537000-03:00,148.0,2.3653833333333334
b6661f70-3752-433b-9b22-6446c959522c,000b70b6-3d74-42dc-8ff2-52fd0f4e9ec3,4,2022-11-14 14:42:32.463000-03:00,2022-11-14 15:01:43.310000-03:00,0.0,19.180783333333334
b6661f70-3752-433b-9b22-6446c959522c,000b70b6-3d74-42dc-8ff2-52fd0f4e9ec3,5,2022-11-14 15:47:30.106000-03:00,2022-11-14 15:49:07.401000-03:00,0.0,1.6215833333333334
b6661f70-3752-433b-9b22-6446c959522c,000b70b6-3d74-42dc-8ff2-52fd0f4e9ec3,6,2022-11-14 15:54:53.112000-03:00,2022-11-14 16:16:35.263000-03:00,136.0,21.702516666666668
b6661f70-3752-433b-9b22-6446c959522c,000b70b6-3d74-42dc-8ff2-52fd0f4e9ec3,7,2022-11-15 21:23:36.068000-03:00,2022-11-15 21:34:13.771000-03:00,125.4,10.628383333333334
b6661f70-3752-433b-9b22-6446c959522c,000b70b6-3d74-42dc-8ff2-52fd0f4e9ec3,8,2022-11-15 22:03:41.043000-03:00,2022-11-15 22:08:14.874000-03:00,129.83333333333334,4.56385
b6661f70-3752-433b-9b22-6446c959522c,000b70b6-3d74-42dc-8ff2-52fd0f4e9ec3,9,2022-11-16 20:25:05.060000-03:00,2022-11-16 20:26:13.318000-03:00,172.66666666666666,1.1376333333333333
b6661f70-3752-433b-9b22-6446c959522c,207ff938-b66d-4137-8343-7088616af16f,1,2022-11-07 14:29:25.343000-03:00,2022-11-07 14:29:54.171000-03:00,2.0,0.48046666666666665
b6661f70-3752-433b-9b22-6446c959522c,207ff938-b66d-4137-8343-7088616af16f,2,2022-11-07 14:30:30.225000-03:00,2022-11-07 14:50:29.283000-03:00,2.0,19.9843
b6661f70-3752-433b-9b22-6446c959522c,207ff938-b66d-4137-8343-7088616af16f,3,2022-11-07 15:04:36.651000-03:00,2022-11-07 15:19:29.369000-03:00,11.0,14.878633333333333
b6661f70-3752-433b-9b22-6446c959522c,207ff938-b66d-4137-8343-7088616af16f,4,2022-11-07 15:40:29.217000-03:00,2022-11-07 15:52:38.371000-03:00,34.4,12.152566666666667
b6661f70-3752-433b-9b22-6446c959522c,207ff938-b66d-4137-8343-7088616af16f,5,2022-11-10 19:04:36.285000-03:00,2022-11-10 19:05:09.094000-03:00,44.0,0.5468166666666666
b6661f70-3752-433b-9b22-6446c959522c,207ff938-b66d-4137-8343-7088616af16f,6,2022-11-10 20:59:06.796000-03:00,2022-11-10 21:11:54.228000-03:00,28.666666666666668,12.790533333333334
b6661f70-3752-433b-9b22-6446c959522c,207ff938-b66d-4137-8343-7088616af16f,7,2022-11-10 21:38:39.982000-03:00,2022-11-10 21:39:16.779000-03:00,65.0,0.6132833333333333
b6661f70-3752-433b-9b22-6446c959522c,207ff938-b66d-4137-8343-7088616af16f,8,2022-11-11 17:18:24.307000-03:00,2022-11-11 17:18:35.147000-03:00,12.0,0.18066666666666667
b6661f70-3752-433b-9b22-6446c959522c,207ff938-b66d-4137-8343-7088616af16f,9,2022-11-13 16:12:03.866000-03:00,2022-11-13 16:13:11.597000-03:00,57.5,1.12885
b6661f70-3752-433b-9b22-6446c959522c,207ff938-b66d-4137-8343-7088616af16f,10,2022-11-13 19:03:53.202000-03:00,2022-11-13 19:09:39.750000-03:00,24.8,5.7758
b6661f70-3752-433b-9b22-6446c959522c,207ff938-b66d-4137-8343-7088616af16f,11,2022-11-14 13:01:49.840000-03:00,2022-11-14 13:08:23.773000-03:00,131.0,6.56555
b6661f70-3752-433b-9b22-6446c959522c,207ff938-b66d-4137-8343-7088616af16f,12,2022-11-14 13:08:53.261000-03:00,2022-11-14 13:34:15.419000-03:00,232.0,25.3693
b6661f70-3752-433b-9b22-6446c959522c,207ff938-b66d-4137-8343-7088616af16f,13,2022-11-14 14:07:34.717000-03:00,2022-11-14 14:09:56.463000-03:00,34.0,2.3624333333333336
b6661f70-3752-433b-9b22-6446c959522c,207ff938-b66d-4137-8343-7088616af16f,14,2022-11-14 14:42:32.496000-03:00,2022-11-14 15:01:33.163000-03:00,22.0,19.011116666666666
b6661f70-3752-433b-9b22-6446c959522c,207ff938-b66d-4137-8343-7088616af16f,15,2022-11-14 15:47:30.134000-03:00,2022-11-14 16:06:23.506000-03:00,65.75,18.889533333333336
b6661f70-3752-433b-9b22-6446c959522c,207ff938-b66d-4137-8343-7088616af16f,16,2022-11-14 19:36:00.148000-03:00,2022-11-14 19:42:39.459000-03:00,89.0,6.655183333333333
b6661f70-3752-433b-9b22-6446c959522c,207ff938-b66d-4137-8343-7088616af16f,17,2022-11-15 21:26:15.037000-03:00,2022-11-15 21:33:41.906000-03:00,196.5,7.447816666666667
b6661f70-3752-433b-9b22-6446c959522c,207ff938-b66d-4137-8343-7088616af16f,18,2022-11-15 22:03:56.794000-03:00,2022-11-15 22:08:14.950000-03:00,4.0,4.3026
b6661f70-3752-433b-9b22-6446c959522c,207ff938-b66d-4137-8343-7088616af16f,19,2022-11-16 17:41:36.507000-03:00,2022-11-16 17:42:25.195000-03:00,7.0,0.8114666666666667
b6661f70-3752-433b-9b22-6446c959522c,207ff938-b66d-4137-8343-7088616af16f,20,2022-11-16 18:14:24.377000-03:00,2022-11-16 18:18:47.502000-03:00,22.5,4.385416666666667
b6661f70-3752-433b-9b22-6446c959522c,207ff938-b66d-4137-8343-7088616af16f,21,2022-11-16 20:25:05.105000-03:00,2022-11-16 20:26:07.234000-03:00,7.5,1.0354833333333333
b6661f70-3752-433b-9b22-6446c959522c,5bfa6f7f-4264-48cb-a1fd-f2cab29af86f,1,2022-11-10 19:05:08.966000-03:00,2022-11-10 19:05:08.966000-03:00,261.0,0.0
b6661f70-3752-433b-9b22-6446c959522c,5bfa6f7f-4264-48cb-a1fd-f2cab29af86f,2,2022-11-10 20:59:06.697000-03:00,2022-11-10 21:10:05.572000-03:00,364.25,10.98125
b6661f70-3752-433b-9b22-6446c959522c,5bfa6f7f-4264-48cb-a1fd-f2cab29af86f,3,2022-11-12 14:25:39.403000-03:00,2022-11-12 14:27:58.769000-03:00,295.0,2.322766666666667
b6661f70-3752-433b-9b22-6446c959522c,5bfa6f7f-4264-48cb-a1fd-f2cab29af86f,4,2022-11-13 16:11:34.026000-03:00,2022-11-13 16:13:11.504000-03:00,71.33333333333333,1.6246333333333332
b6661f70-3752-433b-9b22-6446c959522c,5bfa6f7f-4264-48cb-a1fd-f2cab29af86f,5,2022-11-13 16:53:40.666000-03:00,2022-11-13 16:53:40.724000-03:00,346.0,0.0009666666666666667
b6661f70-3752-433b-9b22-6446c959522c,5bfa6f7f-4264-48cb-a1fd-f2cab29af86f,6,2022-11-13 19:03:34.824000-03:00,2022-11-13 19:08:53.625000-03:00,284.75,5.31335
b6661f70-3752-433b-9b22-6446c959522c,5bfa6f7f-4264-48cb-a1fd-f2cab29af86f,7,2022-11-14 13:01:49.675000-03:00,2022-11-14 13:08:23.671000-03:00,3.0,6.566599999999999
b6661f70-3752-433b-9b22-6446c959522c,5bfa6f7f-4264-48cb-a1fd-f2cab29af86f,8,2022-11-14 13:08:53.137000-03:00,2022-11-14 13:34:25.282000-03:00,56.5,25.53575
b6661f70-3752-433b-9b22-6446c959522c,5bfa6f7f-4264-48cb-a1fd-f2cab29af86f,9,2022-11-14 14:07:37.499000-03:00,2022-11-14 14:09:56.503000-03:00,104.5,2.316733333333333
b6661f70-3752-433b-9b22-6446c959522c,5bfa6f7f-4264-48cb-a1fd-f2cab29af86f,10,2022-11-14 14:42:32.421000-03:00,2022-11-14 15:01:33.081000-03:00,41.0,19.011000000000003
b6661f70-3752-433b-9b22-6446c959522c,5bfa6f7f-4264-48cb-a1fd-f2cab29af86f,11,2022-11-14 15:47:14.133000-03:00,2022-11-14 15:47:52.994000-03:00,23.5,0.6476833333333333
b6661f70-3752-433b-9b22-6446c959522c,5bfa6f7f-4264-48cb-a1fd-f2cab29af86f,12,2022-11-14 15:54:53.070000-03:00,2022-11-14 16:16:24.931000-03:00,222.5,21.53101666666667
b6661f70-3752-433b-9b22-6446c959522c,5bfa6f7f-4264-48cb-a1fd-f2cab29af86f,13,2022-11-14 19:35:46.472000-03:00,2022-11-14 19:40:53.078000-03:00,351.0,5.1101
b6661f70-3752-433b-9b22-6446c959522c,5bfa6f7f-4264-48cb-a1fd-f2cab29af86f,14,2022-11-15 21:24:14.991000-03:00,2022-11-15 21:32:15.394000-03:00,182.66666666666666,8.006716666666668
b6661f70-3752-433b-9b22-6446c959522c,5bfa6f7f-4264-48cb-a1fd-f2cab29af86f,15,2022-11-16 20:25:05.015000-03:00,2022-11-16 20:25:59.020000-03:00,364.5,0.9000833333333333
b6661f70-3752-433b-9b22-6446c959522c,a90d7e53-db59-49be-9ccd-5709053f3202,1,2022-11-10 20:59:00.386000-03:00,2022-11-10 21:11:43.408000-03:00,51.333333333333336,12.717033333333335
b6661f70-3752-433b-9b22-6446c959522c,a90d7e53-db59-49be-9ccd-5709053f3202,2,2022-11-10 21:38:39.921000-03:00,2022-11-10 21:39:16.726000-03:00,76.0,0.6134166666666666
b6661f70-3752-433b-9b22-6446c959522c,a90d7e53-db59-49be-9ccd-5709053f3202,3,2022-11-11 17:18:24.187000-03:00,2022-11-11 17:19:37.010000-03:00,10.0,1.2137166666666666
b6661f70-3752-433b-9b22-6446c959522c,a90d7e53-db59-49be-9ccd-5709053f3202,4,2022-11-12 14:27:58.894000-03:00,2022-11-12 14:27:58.894000-03:00,1.0,0.0
b6661f70-3752-433b-9b22-6446c959522c,a90d7e53-db59-49be-9ccd-5709053f3202,5,2022-11-13 19:05:53.177000-03:00,2022-11-13 19:10:18.893000-03:00,104.57142857142857,4.4286
b6661f70-3752-433b-9b22-6446c959522c,a90d7e53-db59-49be-9ccd-5709053f3202,6,2022-11-14 13:01:49.746000-03:00,2022-11-14 13:08:23.707000-03:00,97.0,6.566016666666667
b6661f70-3752-433b-9b22-6446c959522c,a90d7e53-db59-49be-9ccd-5709053f3202,7,2022-11-14 13:08:53.192000-03:00,2022-11-14 13:34:15.339000-03:00,351.0,25.369116666666667
b6661f70-3752-433b-9b22-6446c959522c,a90d7e53-db59-49be-9ccd-5709053f3202,8,2022-11-14 16:04:23.138000-03:00,2022-11-14 16:16:24.964000-03:00,59.5,12.030433333333333
b6661f70-3752-433b-9b22-6446c959522c,a90d7e53-db59-49be-9ccd-5709053f3202,9,2022-11-14 19:36:00.034000-03:00,2022-11-14 19:42:51.351000-03:00,75.33333333333333,6.855283333333333
b6661f70-3752-433b-9b22-6446c959522c,a98df9f9-acaa-402d-81d0-11dd4cdf8a36,1,2022-11-14 13:01:49.616000-03:00,2022-11-14 13:08:23.637000-03:00,31.0,6.5670166666666665
b6661f70-3752-433b-9b22-6446c959522c,a98df9f9-acaa-402d-81d0-11dd4cdf8a36,2,2022-11-14 13:08:53.069000-03:00,2022-11-14 13:34:15.269000-03:00,55.0,25.37
b6661f70-3752-433b-9b22-6446c959522c,a98df9f9-acaa-402d-81d0-11dd4cdf8a36,3,2022-11-14 14:07:37.008000-03:00,2022-11-14 14:09:56.328000-03:00,39.5,2.322
b6661f70-3752-433b-9b22-6446c959522c,a98df9f9-acaa-402d-81d0-11dd4cdf8a36,4,2022-11-14 14:42:32.364000-03:00,2022-11-14 15:01:32.961000-03:00,194.0,19.00995
b6661f70-3752-433b-9b22-6446c959522c,a98df9f9-acaa-402d-81d0-11dd4cdf8a36,5,2022-11-14 19:38:53.087000-03:00,2022-11-14 19:40:23.079000-03:00,381.0,1.4998666666666667
b6661f70-3752-433b-9b22-6446c959522c,a98df9f9-acaa-402d-81d0-11dd4cdf8a36,6,2022-11-15 21:23:51.077000-03:00,2022-11-15 21:31:55.022000-03:00,212.16666666666666,8.06575
b6661f70-3752-433b-9b22-6446c959522c,a98df9f9-acaa-402d-81d0-11dd4cdf8a36,7,2022-11-16 20:25:04.936000-03:00,2022-11-16 20:25:25.318000-03:00,257.0,0.3397
e36f6ef2-7c6c-46fe-8206-920b02da30b3,70eb7e92-8560-437d-8d2b-7f1afbe05a5f,1,2022-11-13 13:23:04.969000-03:00,2022-11-13 13:23:04.969000-03:00,296.0,0.0
f4879745-604e-4e59-8304-1dea9e25eb0d,a90d7e53-db59-49be-9ccd-5709053f3202,1,2022-11-15 22:12:15.322000-03:00,2022-11-15 22:12:15.322000-03:00,26.0,0.0
f4879745-604e-4e59-8304-1dea9e25eb0d,a90d7e53-db59-49be-9ccd-5709053f3202,2,2022-11-15 22:38:17.802000-03:00,2022-11-15 22:39:15.186000-03:00,329.3333333333333,0.9564
f4879745-604e-4e59-8304-1dea9e25eb0d,a90d7e53-db59-49be-9ccd-5709053f3202,3,2022-11-16 20:25:15.187000-03:00,2022-11-16 20:25:53.194000-03:00,523.0,0.63345
f4879745-604e-4e59-8304-1dea9e25eb0d,a90d7e53-db59-49be-9ccd-5709053f3202,4,2022-11-16 20:55:55.548000-03:00,2022-11-16 20:55:55.568000-03:00,245.0,0.0003333333333333333
