"id","userid","anotheruser","firstcontacttimestamp","lastcontacttimestamp","distance","rssi","batterylevel"
1,"a39c88d5-33b1-4ef2-a5c2-4bfe08cedf6a","207ff938b66d413783437088616af16f","2022-11-06 15:43:05.352+00","2022-11-06 15:43:05.352+00",146,-71.0,76
2,"a39c88d5-33b1-4ef2-a5c2-4bfe08cedf6a","207ff938b66d413783437088616af16f","2022-11-06 15:43:15.35+00","2022-11-06 15:44:25.351+00",43,-32.0,76
3,"a39c88d5-33b1-4ef2-a5c2-4bfe08cedf6a","207ff938b66d413783437088616af16f","2022-11-06 15:44:35.354+00","2022-11-06 15:44:45.344+00",156,-69.0,76
4,"a39c88d5-33b1-4ef2-a5c2-4bfe08cedf6a","207ff938b66d413783437088616af16f","2022-11-06 15:44:55.346+00","2022-11-06 15:45:15.344+00",271,-84.0,76
5,"a39c88d5-33b1-4ef2-a5c2-4bfe08cedf6a","207ff938b66d413783437088616af16f","2022-11-06 15:45:25.347+00","2022-11-06 15:47:15.346+00",159,-64.0,76
6,"a39c88d5-33b1-4ef2-a5c2-4bfe08cedf6a","207ff938b66d413783437088616af16f","2022-11-06 15:47:25.344+00","2022-11-06 15:50:05.345+00",43,-61.0,76
7,"a39c88d5-33b1-4ef2-a5c2-4bfe08cedf6a","207ff938b66d413783437088616af16f","2022-11-06 15:50:15.343+00","2022-11-06 15:50:55.345+00",190,-74.0,77
8,"a39c88d5-33b1-4ef2-a5c2-4bfe08cedf6a","207ff938b66d413783437088616af16f","2022-11-06 15:51:05.344+00","2022-11-06 15:51:15.345+00",84,-55.0,77
9,"a39c88d5-33b1-4ef2-a5c2-4bfe08cedf6a","207ff938-b66d-4137-8343-7088616af16f","2022-11-06 15:55:06.374+00","2022-11-06 15:55:06.374+00",413,-83.0,77
10,"a39c88d5-33b1-4ef2-a5c2-4bfe08cedf6a","207ff938-b66d-4137-8343-7088616af16f","2022-11-06 15:55:21.386+00","2022-11-06 15:55:21.386+00",586,-88.0,77
11,"a39c88d5-33b1-4ef2-a5c2-4bfe08cedf6a","207ff938-b66d-4137-8343-7088616af16f","2022-11-06 15:55:45.346+00","2022-11-06 15:56:38.412+00",265,-72.0,77
12,"a39c88d5-33b1-4ef2-a5c2-4bfe08cedf6a","207ff938-b66d-4137-8343-7088616af16f","2022-11-06 16:19:55.931+00","2022-11-06 16:22:15.345+00",13,-60.0,77
13,"a39c88d5-33b1-4ef2-a5c2-4bfe08cedf6a","207ff938-b66d-4137-8343-7088616af16f","2022-11-06 16:23:29.093+00","2022-11-06 16:25:35.343+00",40,-64.0,77
14,"a39c88d5-33b1-4ef2-a5c2-4bfe08cedf6a","207ff938-b66d-4137-8343-7088616af16f","2022-11-06 16:26:15.345+00","2022-11-06 16:28:01.148+00",25,-61.0,77
15,"207ff938-b66d-4137-8343-7088616af16f","a39c88d5-33b1-4ef2-a5c2-4bfe08cedf6a","2022-11-06 16:39:50.874+00","2022-11-06 16:40:06.385+00",136,-74.0,98
16,"a39c88d5-33b1-4ef2-a5c2-4bfe08cedf6a","207ff938-b66d-4137-8343-7088616af16f","2022-11-06 16:34:15.343+00","2022-11-06 16:34:57.552+00",8,-51.0,76
17,"207ff938-b66d-4137-8343-7088616af16f","a39c88d5-33b1-4ef2-a5c2-4bfe08cedf6a","2022-11-06 16:41:01.401+00","2022-11-06 16:48:22.45+00",9,-61.0,98
18,"207ff938-b66d-4137-8343-7088616af16f","a39c88d5-33b1-4ef2-a5c2-4bfe08cedf6a","2022-11-06 16:58:41.458+00","2022-11-06 16:58:41.487+00",13,-56.0,98
19,"a39c88d5-33b1-4ef2-a5c2-4bfe08cedf6a","207ff938-b66d-4137-8343-7088616af16f","2022-11-06 19:23:47.886+00","2022-11-06 19:23:47.886+00",2,-48.0,62
20,"207ff938-b66d-4137-8343-7088616af16f","a39c88d5-33b1-4ef2-a5c2-4bfe08cedf6a","2022-11-06 19:23:34.241+00","2022-11-06 19:24:24.039+00",4,-51.0,100
21,"207ff938-b66d-4137-8343-7088616af16f","a39c88d5-33b1-4ef2-a5c2-4bfe08cedf6a","2022-11-06 19:26:24.228+00","2022-11-06 19:26:24.228+00",101,-71.0,100
22,"207ff938-b66d-4137-8343-7088616af16f","a39c88d5-33b1-4ef2-a5c2-4bfe08cedf6a","2022-11-06 19:26:28.273+00","2022-11-06 19:26:47.013+00",93,-71.0,100
23,"207ff938-b66d-4137-8343-7088616af16f","a39c88d5-33b1-4ef2-a5c2-4bfe08cedf6a","2022-11-06 20:11:38.05+00","2022-11-06 20:13:22.54+00",197,-81.0,99
24,"207ff938-b66d-4137-8343-7088616af16f","a39c88d5-33b1-4ef2-a5c2-4bfe08cedf6a","2022-11-06 20:13:44.174+00","2022-11-06 20:14:06.688+00",235,-86.0,99
25,"207ff938-b66d-4137-8343-7088616af16f","a39c88d5-33b1-4ef2-a5c2-4bfe08cedf6a","2022-11-06 20:14:23.3+00","2022-11-06 20:17:12.011+00",182,-81.0,99
26,"207ff938-b66d-4137-8343-7088616af16f","a39c88d5-33b1-4ef2-a5c2-4bfe08cedf6a","2022-11-06 20:21:46.902+00","2022-11-06 20:22:32.02+00",147,-81.0,100
27,"207ff938-b66d-4137-8343-7088616af16f","a39c88d5-33b1-4ef2-a5c2-4bfe08cedf6a","2022-11-06 20:25:24.905+00","2022-11-06 20:25:50.243+00",213,-84.0,100
28,"207ff938-b66d-4137-8343-7088616af16f","a39c88d5-33b1-4ef2-a5c2-4bfe08cedf6a","2022-11-06 20:26:34.549+00","2022-11-06 20:27:20.215+00",208,-90.0,100
29,"207ff938-b66d-4137-8343-7088616af16f","a39c88d5-33b1-4ef2-a5c2-4bfe08cedf6a","2022-11-06 20:27:41.458+00","2022-11-06 20:29:20.233+00",247,-86.0,100
30,"207ff938-b66d-4137-8343-7088616af16f","a39c88d5-33b1-4ef2-a5c2-4bfe08cedf6a","2022-11-06 20:35:55.623+00","2022-11-06 20:35:55.66+00",336,-92.0,100
31,"207ff938-b66d-4137-8343-7088616af16f","a39c88d5-33b1-4ef2-a5c2-4bfe08cedf6a","2022-11-06 20:46:35.357+00","2022-11-06 20:50:20.23+00",212,-91.0,100
32,"207ff938-b66d-4137-8343-7088616af16f","a39c88d5-33b1-4ef2-a5c2-4bfe08cedf6a","2022-11-06 20:55:52.694+00","2022-11-06 20:55:52.725+00",278,-89.0,100
33,"a39c88d5-33b1-4ef2-a5c2-4bfe08cedf6a","207ff938-b66d-4137-8343-7088616af16f","2022-11-06 19:24:08.585+00","2022-11-06 19:24:20.642+00",0,-47.0,62
34,"a39c88d5-33b1-4ef2-a5c2-4bfe08cedf6a","207ff938-b66d-4137-8343-7088616af16f","2022-11-06 21:03:41.34+00","2022-11-06 21:03:45.873+00",204,-84.0,56
35,"a39c88d5-33b1-4ef2-a5c2-4bfe08cedf6a","207ff938-b66d-4137-8343-7088616af16f","2022-11-06 21:04:16.186+00","2022-11-06 21:05:07.287+00",0,-30.0,56
36,"207ff938-b66d-4137-8343-7088616af16f","a39c88d5-33b1-4ef2-a5c2-4bfe08cedf6a","2022-11-06 21:04:40.924+00","2022-11-06 21:05:35.4+00",29,-65.0,100
37,"a39c88d5-33b1-4ef2-a5c2-4bfe08cedf6a","207ff938-b66d-4137-8343-7088616af16f","2022-11-06 21:05:23.553+00","2022-11-06 21:06:15.373+00",11,-57.0,56
38,"207ff938-b66d-4137-8343-7088616af16f","a39c88d5-33b1-4ef2-a5c2-4bfe08cedf6a","2022-11-06 21:05:52.317+00","2022-11-06 21:06:50.241+00",32,-61.0,100
39,"a39c88d5-33b1-4ef2-a5c2-4bfe08cedf6a","207ff938-b66d-4137-8343-7088616af16f","2022-11-06 21:06:46.296+00","2022-11-06 21:06:46.334+00",7,-58.0,56
40,"a39c88d5-33b1-4ef2-a5c2-4bfe08cedf6a","207ff938-b66d-4137-8343-7088616af16f","2022-11-06 22:02:43.093+00","2022-11-06 22:02:43.093+00",15,-58.0,55
41,"a39c88d5-33b1-4ef2-a5c2-4bfe08cedf6a","207ff938-b66d-4137-8343-7088616af16f","2022-11-06 22:07:51.769+00","2022-11-06 22:07:51.769+00",8,-55.0,55
42,"207ff938-b66d-4137-8343-7088616af16f","a39c88d5-33b1-4ef2-a5c2-4bfe08cedf6a","2022-11-06 22:02:48.256+00","2022-11-06 22:02:48.256+00",43,-61.0,100
43,"a39c88d5-33b1-4ef2-a5c2-4bfe08cedf6a","207ff938-b66d-4137-8343-7088616af16f","2022-11-06 22:08:14.787+00","2022-11-06 22:08:14.787+00",16,-64.0,55
44,"a39c88d5-33b1-4ef2-a5c2-4bfe08cedf6a","207ff938-b66d-4137-8343-7088616af16f","2022-11-06 22:21:19.823+00","2022-11-06 22:23:45.36+00",11,-55.0,57
45,"a39c88d5-33b1-4ef2-a5c2-4bfe08cedf6a","207ff938-b66d-4137-8343-7088616af16f","2022-11-06 22:24:15.844+00","2022-11-06 22:25:11.841+00",4,-54.0,57
46,"207ff938-b66d-4137-8343-7088616af16f","a39c88d5-33b1-4ef2-a5c2-4bfe08cedf6a","2022-11-06 22:21:23.665+00","2022-11-06 22:25:07.48+00",8,-55.0,100
47,"b6661f70-3752-433b-9b22-6446c959522c","207ff938-b66d-4137-8343-7088616af16f","2022-11-07 17:29:25.343+00","2022-11-07 17:29:54.171+00",2,-49.0,19
48,"207ff938-b66d-4137-8343-7088616af16f","b6661f70-3752-433b-9b22-6446c959522c","2022-11-07 17:29:44.174+00","2022-11-07 17:32:41.216+00",8,-53.0,75
49,"207ff938-b66d-4137-8343-7088616af16f","b6661f70-3752-433b-9b22-6446c959522c","2022-11-07 17:47:26.419+00","2022-11-07 17:47:37.378+00",10,-56.0,75
50,"b6661f70-3752-433b-9b22-6446c959522c","207ff938-b66d-4137-8343-7088616af16f","2022-11-07 17:30:30.225+00","2022-11-07 17:50:29.283+00",2,-49.0,19
51,"207ff938-b66d-4137-8343-7088616af16f","b6661f70-3752-433b-9b22-6446c959522c","2022-11-07 18:04:52.955+00","2022-11-07 18:05:04.594+00",24,-59.0,74
52,"b6661f70-3752-433b-9b22-6446c959522c","207ff938-b66d-4137-8343-7088616af16f","2022-11-07 18:04:36.651+00","2022-11-07 18:18:56.35+00",19,-74.0,15
53,"207ff938-b66d-4137-8343-7088616af16f","b6661f70-3752-433b-9b22-6446c959522c","2022-11-07 18:05:20.452+00","2022-11-07 18:07:15.849+00",31,-71.0,74
54,"207ff938-b66d-4137-8343-7088616af16f","b6661f70-3752-433b-9b22-6446c959522c","2022-11-07 18:14:36.889+00","2022-11-07 18:14:48.136+00",9,-59.0,74
55,"b6661f70-3752-433b-9b22-6446c959522c","207ff938-b66d-4137-8343-7088616af16f","2022-11-07 18:19:12.184+00","2022-11-07 18:19:29.369+00",3,-49.0,13
56,"b6661f70-3752-433b-9b22-6446c959522c","207ff938-b66d-4137-8343-7088616af16f","2022-11-07 18:40:29.217+00","2022-11-07 18:40:45.451+00",29,-66.0,9
57,"b6661f70-3752-433b-9b22-6446c959522c","207ff938-b66d-4137-8343-7088616af16f","2022-11-07 18:41:01.307+00","2022-11-07 18:43:55.291+00",17,-63.0,9
58,"b6661f70-3752-433b-9b22-6446c959522c","207ff938-b66d-4137-8343-7088616af16f","2022-11-07 18:46:45.691+00","2022-11-07 18:46:45.907+00",40,-61.0,8
59,"b6661f70-3752-433b-9b22-6446c959522c","207ff938-b66d-4137-8343-7088616af16f","2022-11-07 18:47:03.299+00","2022-11-07 18:48:30.662+00",26,-61.0,8
60,"207ff938-b66d-4137-8343-7088616af16f","b6661f70-3752-433b-9b22-6446c959522c","2022-11-07 18:40:47.11+00","2022-11-07 18:42:42.89+00",21,-59.0,72
61,"207ff938-b66d-4137-8343-7088616af16f","b6661f70-3752-433b-9b22-6446c959522c","2022-11-07 18:46:59.528+00","2022-11-07 18:49:53.135+00",46,-59.0,71
62,"207ff938-b66d-4137-8343-7088616af16f","b6661f70-3752-433b-9b22-6446c959522c","2022-11-07 18:55:59.285+00","2022-11-07 18:56:21.093+00",108,-61.0,71
63,"b6661f70-3752-433b-9b22-6446c959522c","207ff938-b66d-4137-8343-7088616af16f","2022-11-07 18:48:59.214+00","2022-11-07 18:52:38.371+00",60,-69.0,8
64,"a98df9f9-acaa-402d-81d0-11dd4cdf8a36","b6661f70-3752-433b-9b22-6446c959522c","2022-11-10 22:27:05.226+00","2022-11-10 22:27:21.777+00",483,-97.0,80
65,"a98df9f9-acaa-402d-81d0-11dd4cdf8a36","5bfa6f7f-4264-48cb-a1fd-f2cab29af86f","2022-11-10 22:27:05.281+00","2022-11-10 22:27:21.827+00",21,-66.0,80
66,"a98df9f9-acaa-402d-81d0-11dd4cdf8a36","207ff938-b66d-4137-8343-7088616af16f","2022-11-10 22:27:05.323+00","2022-11-10 22:27:35.092+00",432,-96.0,80
67,"5bfa6f7f-4264-48cb-a1fd-f2cab29af86f","207ff938-b66d-4137-8343-7088616af16f","2022-11-10 21:46:18.569+00","2022-11-10 21:46:18.569+00",171,-81.0,68
68,"b6661f70-3752-433b-9b22-6446c959522c","207ff938-b66d-4137-8343-7088616af16f","2022-11-10 22:04:36.285+00","2022-11-10 22:05:09.094+00",44,-64.0,75
69,"b6661f70-3752-433b-9b22-6446c959522c","5bfa6f7f-4264-48cb-a1fd-f2cab29af86f","2022-11-10 22:05:08.966+00","2022-11-10 22:05:08.966+00",261,-88.0,75
70,"b6661f70-3752-433b-9b22-6446c959522c","a90d7e53-db59-49be-9ccd-5709053f3202","2022-11-10 23:59:00.386+00","2022-11-10 23:59:06.754+00",29,-62.0,70
71,"b6661f70-3752-433b-9b22-6446c959522c","5bfa6f7f-4264-48cb-a1fd-f2cab29af86f","2022-11-10 23:59:06.697+00","2022-11-10 23:59:06.697+00",287,-89.0,70
72,"b6661f70-3752-433b-9b22-6446c959522c","207ff938-b66d-4137-8343-7088616af16f","2022-11-10 23:59:06.796+00","2022-11-10 23:59:06.796+00",25,-60.0,70
73,"a90d7e53-db59-49be-9ccd-5709053f3202","b6661f70-3752-433b-9b22-6446c959522c","2022-11-10 23:53:17.419+00","2022-11-10 23:53:27.574+00",55,-69.0,22
74,"a90d7e53-db59-49be-9ccd-5709053f3202","207ff938-b66d-4137-8343-7088616af16f","2022-11-10 23:53:17.454+00","2022-11-10 23:53:27.583+00",97,-76.0,22
75,"a90d7e53-db59-49be-9ccd-5709053f3202","b6661f70-3752-433b-9b22-6446c959522c","2022-11-11 00:00:51.827+00","2022-11-11 00:00:51.827+00",144,-78.0,21
76,"a90d7e53-db59-49be-9ccd-5709053f3202","b6661f70-3752-433b-9b22-6446c959522c","2022-11-11 00:01:20.389+00","2022-11-11 00:01:30.72+00",66,-70.0,21
77,"a90d7e53-db59-49be-9ccd-5709053f3202","5bfa6f7f-4264-48cb-a1fd-f2cab29af86f","2022-11-11 00:01:20.41+00","2022-11-11 00:01:20.46+00",257,-90.0,21
78,"a90d7e53-db59-49be-9ccd-5709053f3202","207ff938-b66d-4137-8343-7088616af16f","2022-11-11 00:01:20.427+00","2022-11-11 00:01:30.736+00",194,-80.0,21
79,"b6661f70-3752-433b-9b22-6446c959522c","5bfa6f7f-4264-48cb-a1fd-f2cab29af86f","2022-11-10 23:59:22.827+00","2022-11-11 00:01:35.589+00",357,-95.0,70
80,"b6661f70-3752-433b-9b22-6446c959522c","a90d7e53-db59-49be-9ccd-5709053f3202","2022-11-10 23:59:23.003+00","2022-11-11 00:01:35.628+00",72,-67.0,70
81,"b6661f70-3752-433b-9b22-6446c959522c","207ff938-b66d-4137-8343-7088616af16f","2022-11-10 23:59:23.05+00","2022-11-11 00:01:35.666+00",11,-58.0,70
82,"207ff938-b66d-4137-8343-7088616af16f","5bfa6f7f-4264-48cb-a1fd-f2cab29af86f","2022-11-10 21:46:21.51+00","2022-11-10 21:46:38.553+00",49,-56.0,69
83,"207ff938-b66d-4137-8343-7088616af16f","5bfa6f7f-4264-48cb-a1fd-f2cab29af86f","2022-11-10 21:49:44.437+00","2022-11-10 21:49:44.437+00",245,-87.0,69
84,"207ff938-b66d-4137-8343-7088616af16f","b6661f70-3752-433b-9b22-6446c959522c","2022-11-11 00:04:09.874+00","2022-11-11 00:04:15.884+00",12,-56.0,62
85,"207ff938-b66d-4137-8343-7088616af16f","a90d7e53-db59-49be-9ccd-5709053f3202","2022-11-11 00:04:09.897+00","2022-11-11 00:04:15.898+00",40,-64.0,62
86,"207ff938-b66d-4137-8343-7088616af16f","b6661f70-3752-433b-9b22-6446c959522c","2022-11-11 00:04:31.5+00","2022-11-11 00:06:08.594+00",45,-65.0,62
87,"207ff938-b66d-4137-8343-7088616af16f","a90d7e53-db59-49be-9ccd-5709053f3202","2022-11-11 00:04:31.519+00","2022-11-11 00:06:39.61+00",115,-65.0,62
88,"207ff938-b66d-4137-8343-7088616af16f","5bfa6f7f-4264-48cb-a1fd-f2cab29af86f","2022-11-11 00:04:50.533+00","2022-11-11 00:06:08.606+00",230,-86.0,62
89,"4dc30af1-793b-47c6-83ad-8412f2ff4f7c","207ff938-b66d-4137-8343-7088616af16f","2022-11-10 21:48:58.833+00","2022-11-10 21:48:58.833+00",1,-45.0,41
90,"4dc30af1-793b-47c6-83ad-8412f2ff4f7c","b6661f70-3752-433b-9b22-6446c959522c","2022-11-11 00:15:04.655+00","2022-11-11 00:15:04.655+00",30,-83.0,35
91,"4dc30af1-793b-47c6-83ad-8412f2ff4f7c","a90d7e53-db59-49be-9ccd-5709053f3202","2022-11-11 00:15:04.678+00","2022-11-11 00:15:04.678+00",165,-94.0,35
92,"4dc30af1-793b-47c6-83ad-8412f2ff4f7c","207ff938-b66d-4137-8343-7088616af16f","2022-11-11 00:15:04.695+00","2022-11-11 00:15:04.695+00",3,-50.0,35
93,"a90d7e53-db59-49be-9ccd-5709053f3202","b6661f70-3752-433b-9b22-6446c959522c","2022-11-11 00:01:35.912+00","2022-11-11 00:01:59.683+00",152,-77.0,21
94,"a90d7e53-db59-49be-9ccd-5709053f3202","207ff938-b66d-4137-8343-7088616af16f","2022-11-11 00:01:35.946+00","2022-11-11 00:01:36.025+00",161,-80.0,21
95,"a90d7e53-db59-49be-9ccd-5709053f3202","b6661f70-3752-433b-9b22-6446c959522c","2022-11-11 00:11:12.392+00","2022-11-11 00:21:46.329+00",8,-54.0,20
96,"a90d7e53-db59-49be-9ccd-5709053f3202","5bfa6f7f-4264-48cb-a1fd-f2cab29af86f","2022-11-11 00:11:12.552+00","2022-11-11 00:21:46.344+00",148,-89.0,20
97,"a90d7e53-db59-49be-9ccd-5709053f3202","207ff938-b66d-4137-8343-7088616af16f","2022-11-11 00:11:12.573+00","2022-11-11 00:14:14.329+00",16,-61.0,20
98,"a90d7e53-db59-49be-9ccd-5709053f3202","207ff938-b66d-4137-8343-7088616af16f","2022-11-11 00:14:44.295+00","2022-11-11 00:15:14.368+00",269,-89.0,19
99,"a90d7e53-db59-49be-9ccd-5709053f3202","207ff938-b66d-4137-8343-7088616af16f","2022-11-11 00:15:44.3+00","2022-11-11 00:21:46.358+00",29,-66.0,19
100,"a90d7e53-db59-49be-9ccd-5709053f3202","b6661f70-3752-433b-9b22-6446c959522c","2022-11-11 00:24:46.979+00","2022-11-11 00:24:47.021+00",0,-21.0,19
101,"a90d7e53-db59-49be-9ccd-5709053f3202","207ff938-b66d-4137-8343-7088616af16f","2022-11-11 00:24:46.994+00","2022-11-11 00:24:47.035+00",55,-66.0,19
102,"a90d7e53-db59-49be-9ccd-5709053f3202","b6661f70-3752-433b-9b22-6446c959522c","2022-11-11 00:25:01.323+00","2022-11-11 00:25:01.456+00",8,-38.0,19
103,"a90d7e53-db59-49be-9ccd-5709053f3202","207ff938-b66d-4137-8343-7088616af16f","2022-11-11 00:25:01.337+00","2022-11-11 00:25:08.324+00",22,-64.0,19
104,"a90d7e53-db59-49be-9ccd-5709053f3202","b6661f70-3752-433b-9b22-6446c959522c","2022-11-11 00:25:23.472+00","2022-11-11 00:25:37.79+00",25,-61.0,19
105,"a90d7e53-db59-49be-9ccd-5709053f3202","207ff938-b66d-4137-8343-7088616af16f","2022-11-11 00:25:23.489+00","2022-11-11 00:25:37.795+00",25,-61.0,19
106,"207ff938-b66d-4137-8343-7088616af16f","a90d7e53-db59-49be-9ccd-5709053f3202","2022-11-11 00:13:37.381+00","2022-11-11 00:13:51.122+00",0,-27.0,62
107,"207ff938-b66d-4137-8343-7088616af16f","b6661f70-3752-433b-9b22-6446c959522c","2022-11-11 00:13:50.987+00","2022-11-11 00:13:51.079+00",74,-72.0,62
108,"207ff938-b66d-4137-8343-7088616af16f","5bfa6f7f-4264-48cb-a1fd-f2cab29af86f","2022-11-11 00:13:51.026+00","2022-11-11 00:13:51.1+00",238,-86.0,62
109,"207ff938-b66d-4137-8343-7088616af16f","b6661f70-3752-433b-9b22-6446c959522c","2022-11-11 00:28:05.194+00","2022-11-11 00:28:07.515+00",5,-52.0,60
110,"207ff938-b66d-4137-8343-7088616af16f","a90d7e53-db59-49be-9ccd-5709053f3202","2022-11-11 00:28:05.208+00","2022-11-11 00:28:07.523+00",69,-67.0,60
111,"a90d7e53-db59-49be-9ccd-5709053f3202","b6661f70-3752-433b-9b22-6446c959522c","2022-11-11 00:25:57.404+00","2022-11-11 00:27:20.94+00",7,-57.0,19
112,"a90d7e53-db59-49be-9ccd-5709053f3202","207ff938-b66d-4137-8343-7088616af16f","2022-11-11 00:25:57.42+00","2022-11-11 00:27:20.957+00",33,-64.0,19
113,"b6661f70-3752-433b-9b22-6446c959522c","a90d7e53-db59-49be-9ccd-5709053f3202","2022-11-11 00:02:05.435+00","2022-11-11 00:11:43.408+00",53,-67.0,70
114,"b6661f70-3752-433b-9b22-6446c959522c","207ff938-b66d-4137-8343-7088616af16f","2022-11-11 00:02:05.52+00","2022-11-11 00:11:54.228+00",50,-66.0,70
115,"b6661f70-3752-433b-9b22-6446c959522c","5bfa6f7f-4264-48cb-a1fd-f2cab29af86f","2022-11-11 00:02:35.442+00","2022-11-11 00:06:05.6+00",432,-100.0,70
116,"b6661f70-3752-433b-9b22-6446c959522c","5bfa6f7f-4264-48cb-a1fd-f2cab29af86f","2022-11-11 00:10:05.431+00","2022-11-11 00:10:05.572+00",381,-94.0,68
117,"b6661f70-3752-433b-9b22-6446c959522c","a90d7e53-db59-49be-9ccd-5709053f3202","2022-11-11 00:38:39.921+00","2022-11-11 00:38:41.237+00",97,-70.0,68
118,"b6661f70-3752-433b-9b22-6446c959522c","207ff938-b66d-4137-8343-7088616af16f","2022-11-11 00:38:39.982+00","2022-11-11 00:38:40.031+00",37,-64.0,68
119,"207ff938-b66d-4137-8343-7088616af16f","a90d7e53-db59-49be-9ccd-5709053f3202","2022-11-11 00:28:38.416+00","2022-11-11 00:28:38.465+00",101,-71.0,60
120,"207ff938-b66d-4137-8343-7088616af16f","b6661f70-3752-433b-9b22-6446c959522c","2022-11-11 00:38:11.525+00","2022-11-11 00:39:01.576+00",10,-61.0,62
121,"207ff938-b66d-4137-8343-7088616af16f","a90d7e53-db59-49be-9ccd-5709053f3202","2022-11-11 00:38:11.553+00","2022-11-11 00:39:01.583+00",102,-67.0,62
122,"207ff938-b66d-4137-8343-7088616af16f","b6661f70-3752-433b-9b22-6446c959522c","2022-11-11 00:39:09.339+00","2022-11-11 00:39:09.409+00",101,-76.0,62
123,"207ff938-b66d-4137-8343-7088616af16f","a90d7e53-db59-49be-9ccd-5709053f3202","2022-11-11 00:39:09.358+00","2022-11-11 00:39:09.418+00",132,-71.0,62
124,"b6661f70-3752-433b-9b22-6446c959522c","a90d7e53-db59-49be-9ccd-5709053f3202","2022-11-11 00:38:44.308+00","2022-11-11 00:39:16.726+00",55,-65.0,67
125,"b6661f70-3752-433b-9b22-6446c959522c","207ff938-b66d-4137-8343-7088616af16f","2022-11-11 00:38:44.352+00","2022-11-11 00:39:16.779+00",93,-70.0,67
126,"b6661f70-3752-433b-9b22-6446c959522c","a90d7e53-db59-49be-9ccd-5709053f3202","2022-11-11 20:18:24.187+00","2022-11-11 20:18:24.757+00",10,-51.0,28
127,"b6661f70-3752-433b-9b22-6446c959522c","207ff938-b66d-4137-8343-7088616af16f","2022-11-11 20:18:24.307+00","2022-11-11 20:18:24.795+00",1,-46.0,28
128,"5bfa6f7f-4264-48cb-a1fd-f2cab29af86f","a90d7e53-db59-49be-9ccd-5709053f3202","2022-11-10 23:57:29.575+00","2022-11-10 23:57:29.61+00",592,-101.0,58
129,"5bfa6f7f-4264-48cb-a1fd-f2cab29af86f","b6661f70-3752-433b-9b22-6446c959522c","2022-11-11 00:22:49.365+00","2022-11-11 00:22:52.297+00",315,-92.0,57
130,"5bfa6f7f-4264-48cb-a1fd-f2cab29af86f","207ff938-b66d-4137-8343-7088616af16f","2022-11-11 00:22:49.38+00","2022-11-11 00:22:52.311+00",336,-92.0,57
131,"5bfa6f7f-4264-48cb-a1fd-f2cab29af86f","a90d7e53-db59-49be-9ccd-5709053f3202","2022-11-11 00:22:52.283+00","2022-11-11 00:22:52.303+00",223,-86.0,57
132,"207ff938-b66d-4137-8343-7088616af16f","a90d7e53-db59-49be-9ccd-5709053f3202","2022-11-11 20:18:00.988+00","2022-11-11 20:18:14.593+00",97,-70.0,74
133,"a90d7e53-db59-49be-9ccd-5709053f3202","207ff938-b66d-4137-8343-7088616af16f","2022-11-11 20:18:14.28+00","2022-11-11 20:18:36.172+00",50,-70.0,69
134,"a90d7e53-db59-49be-9ccd-5709053f3202","b6661f70-3752-433b-9b22-6446c959522c","2022-11-11 20:18:36.147+00","2022-11-11 20:23:46.084+00",5,-52.0,69
135,"a90d7e53-db59-49be-9ccd-5709053f3202","5bfa6f7f-4264-48cb-a1fd-f2cab29af86f","2022-11-11 20:19:36.166+00","2022-11-11 20:23:22.049+00",136,-66.0,69
136,"a90d7e53-db59-49be-9ccd-5709053f3202","207ff938-b66d-4137-8343-7088616af16f","2022-11-11 20:19:36.185+00","2022-11-11 20:20:36.172+00",315,-91.0,69
137,"a90d7e53-db59-49be-9ccd-5709053f3202","207ff938-b66d-4137-8343-7088616af16f","2022-11-11 20:21:06.176+00","2022-11-11 20:23:22.075+00",111,-73.0,69
138,"b6661f70-3752-433b-9b22-6446c959522c","a90d7e53-db59-49be-9ccd-5709053f3202","2022-11-11 20:18:34.773+00","2022-11-11 20:19:37.01+00",10,-51.0,28
139,"b6661f70-3752-433b-9b22-6446c959522c","207ff938-b66d-4137-8343-7088616af16f","2022-11-11 20:18:34.882+00","2022-11-11 20:18:35.147+00",23,-78.0,28
140,"207ff938-b66d-4137-8343-7088616af16f","b6661f70-3752-433b-9b22-6446c959522c","2022-11-12 01:36:46.084+00","2022-11-12 01:36:46.084+00",29,-64.0,52
141,"207ff938-b66d-4137-8343-7088616af16f","a90d7e53-db59-49be-9ccd-5709053f3202","2022-11-12 01:36:46.097+00","2022-11-12 01:36:46.097+00",95,-81.0,52
142,"a98df9f9-acaa-402d-81d0-11dd4cdf8a36","b6661f70-3752-433b-9b22-6446c959522c","2022-11-10 23:35:29.549+00","2022-11-10 23:35:43+00",539,-101.0,69
143,"a98df9f9-acaa-402d-81d0-11dd4cdf8a36","5bfa6f7f-4264-48cb-a1fd-f2cab29af86f","2022-11-10 23:35:29.658+00","2022-11-10 23:35:43.112+00",108,-82.0,69
144,"a98df9f9-acaa-402d-81d0-11dd4cdf8a36","207ff938-b66d-4137-8343-7088616af16f","2022-11-10 23:35:29.695+00","2022-11-10 23:35:43.142+00",23,-68.0,69
145,"5bfa6f7f-4264-48cb-a1fd-f2cab29af86f","b6661f70-3752-433b-9b22-6446c959522c","2022-11-11 20:19:47.555+00","2022-11-11 20:19:47.555+00",592,-101.0,100
146,"207ff938-b66d-4137-8343-7088616af16f","5bfa6f7f-4264-48cb-a1fd-f2cab29af86f","2022-11-12 13:01:05.577+00","2022-11-12 13:01:22.119+00",55,-74.0,40
147,"207ff938-b66d-4137-8343-7088616af16f","5bfa6f7f-4264-48cb-a1fd-f2cab29af86f","2022-11-12 13:19:55.787+00","2022-11-12 13:19:55.787+00",152,-79.0,39
148,"207ff938-b66d-4137-8343-7088616af16f","5bfa6f7f-4264-48cb-a1fd-f2cab29af86f","2022-11-12 13:34:39.888+00","2022-11-12 13:35:14.94+00",261,-88.0,36
149,"207ff938-b66d-4137-8343-7088616af16f","a90d7e53-db59-49be-9ccd-5709053f3202","2022-11-12 13:34:41.895+00","2022-11-12 13:34:57.249+00",0,-42.0,36
150,"207ff938-b66d-4137-8343-7088616af16f","a90d7e53-db59-49be-9ccd-5709053f3202","2022-11-12 13:52:45.578+00","2022-11-12 13:53:03.466+00",161,-82.0,34
151,"5bfa6f7f-4264-48cb-a1fd-f2cab29af86f","207ff938-b66d-4137-8343-7088616af16f","2022-11-12 13:01:13.339+00","2022-11-12 13:01:13.339+00",367,-92.0,78
152,"5bfa6f7f-4264-48cb-a1fd-f2cab29af86f","207ff938-b66d-4137-8343-7088616af16f","2022-11-12 13:55:00.504+00","2022-11-12 13:55:02.924+00",25,-60.0,74
153,"5bfa6f7f-4264-48cb-a1fd-f2cab29af86f","a90d7e53-db59-49be-9ccd-5709053f3202","2022-11-12 13:55:44.447+00","2022-11-12 13:55:44.496+00",713,-104.0,74
154,"5bfa6f7f-4264-48cb-a1fd-f2cab29af86f","207ff938-b66d-4137-8343-7088616af16f","2022-11-12 13:55:44.479+00","2022-11-12 13:56:04.438+00",6,-53.0,74
155,"207ff938-b66d-4137-8343-7088616af16f","a90d7e53-db59-49be-9ccd-5709053f3202","2022-11-12 13:53:20.124+00","2022-11-12 13:54:35.622+00",136,-77.0,34
156,"207ff938-b66d-4137-8343-7088616af16f","5bfa6f7f-4264-48cb-a1fd-f2cab29af86f","2022-11-12 13:53:35.586+00","2022-11-12 13:56:35.598+00",140,-85.0,34
157,"207ff938-b66d-4137-8343-7088616af16f","a90d7e53-db59-49be-9ccd-5709053f3202","2022-11-12 13:57:26.988+00","2022-11-12 13:57:27.008+00",40,-64.0,34
158,"5bfa6f7f-4264-48cb-a1fd-f2cab29af86f","207ff938-b66d-4137-8343-7088616af16f","2022-11-12 13:56:21.116+00","2022-11-12 13:56:36.344+00",5,-53.0,74
159,"5bfa6f7f-4264-48cb-a1fd-f2cab29af86f","a90d7e53-db59-49be-9ccd-5709053f3202","2022-11-12 13:56:52.223+00","2022-11-12 13:56:52.243+00",713,-104.0,74
160,"207ff938-b66d-4137-8343-7088616af16f","5bfa6f7f-4264-48cb-a1fd-f2cab29af86f","2022-11-12 17:01:40.814+00","2022-11-12 17:02:05.787+00",29,-62.0,20
161,"a90d7e53-db59-49be-9ccd-5709053f3202","5bfa6f7f-4264-48cb-a1fd-f2cab29af86f","2022-11-12 13:34:45.143+00","2022-11-12 13:35:04.612+00",204,-84.0,52
162,"a90d7e53-db59-49be-9ccd-5709053f3202","207ff938-b66d-4137-8343-7088616af16f","2022-11-12 13:34:45.181+00","2022-11-12 13:34:45.181+00",101,-51.0,52
163,"a90d7e53-db59-49be-9ccd-5709053f3202","b6661f70-3752-433b-9b22-6446c959522c","2022-11-12 17:26:17.762+00","2022-11-12 17:26:17.762+00",2,-48.0,24
164,"a90d7e53-db59-49be-9ccd-5709053f3202","b6661f70-3752-433b-9b22-6446c959522c","2022-11-12 17:26:26.696+00","2022-11-12 17:26:40.862+00",2,-48.0,24
165,"a90d7e53-db59-49be-9ccd-5709053f3202","5bfa6f7f-4264-48cb-a1fd-f2cab29af86f","2022-11-12 17:26:26.711+00","2022-11-12 17:26:40.876+00",296,-90.0,24
166,"b6661f70-3752-433b-9b22-6446c959522c","5bfa6f7f-4264-48cb-a1fd-f2cab29af86f","2022-11-12 17:25:39.403+00","2022-11-12 17:25:54.405+00",271,-89.0,99
167,"b6661f70-3752-433b-9b22-6446c959522c","5bfa6f7f-4264-48cb-a1fd-f2cab29af86f","2022-11-12 17:27:58.769+00","2022-11-12 17:27:58.769+00",319,-83.0,98
168,"b6661f70-3752-433b-9b22-6446c959522c","a90d7e53-db59-49be-9ccd-5709053f3202","2022-11-12 17:27:58.894+00","2022-11-12 17:27:58.894+00",1,-46.0,98
169,"b63b2a50-0b1f-42de-8408-56cc47dd5565","a59fd8cb-21b2-4fb6-8431-6ad4943efe18","2022-11-12 17:44:21.32+00","2022-11-12 17:44:21.366+00",23,-82.0,64
170,"207ff938-b66d-4137-8343-7088616af16f","b6661f70-3752-433b-9b22-6446c959522c","2022-11-12 19:12:59.28+00","2022-11-12 19:13:10.326+00",59,-65.0,25
171,"207ff938-b66d-4137-8343-7088616af16f","a90d7e53-db59-49be-9ccd-5709053f3202","2022-11-12 19:12:59.372+00","2022-11-12 19:13:10.343+00",156,-80.0,25
172,"322dd597-9cd0-4f3a-bee0-34e44ce3bd95","70eb7e92-8560-437d-8d2b-7f1afbe05a5f","2022-11-13 16:29:24.619+00","2022-11-13 16:30:37.938+00",133,-78.0,70
173,"e36f6ef2-7c6c-46fe-8206-920b02da30b3","70eb7e92-8560-437d-8d2b-7f1afbe05a5f","2022-11-13 16:23:04.969+00","2022-11-13 16:23:04.969+00",296,-90.0,84
174,"322dd597-9cd0-4f3a-bee0-34e44ce3bd95","70eb7e92-8560-437d-8d2b-7f1afbe05a5f","2022-11-13 19:06:33.295+00","2022-11-13 19:06:33.295+00",129,-76.0,39
175,"322dd597-9cd0-4f3a-bee0-34e44ce3bd95","70eb7e92-8560-437d-8d2b-7f1afbe05a5f","2022-11-13 19:10:02.654+00","2022-11-13 19:10:02.654+00",129,-76.0,38
176,"5bfa6f7f-4264-48cb-a1fd-f2cab29af86f","207ff938-b66d-4137-8343-7088616af16f","2022-11-12 17:01:49.025+00","2022-11-12 17:03:26.159+00",83,-74.0,63
177,"b6661f70-3752-433b-9b22-6446c959522c","5bfa6f7f-4264-48cb-a1fd-f2cab29af86f","2022-11-13 19:11:34.026+00","2022-11-13 19:11:34.026+00",119,-68.0,77
178,"b6661f70-3752-433b-9b22-6446c959522c","5bfa6f7f-4264-48cb-a1fd-f2cab29af86f","2022-11-13 19:12:03.313+00","2022-11-13 19:12:03.313+00",55,-63.0,77
179,"b6661f70-3752-433b-9b22-6446c959522c","207ff938-b66d-4137-8343-7088616af16f","2022-11-13 19:12:03.866+00","2022-11-13 19:12:03.866+00",108,-70.0,77
180,"207ff938-b66d-4137-8343-7088616af16f","5bfa6f7f-4264-48cb-a1fd-f2cab29af86f","2022-11-13 19:11:15.644+00","2022-11-13 19:13:00.953+00",30,-68.0,76
181,"207ff938-b66d-4137-8343-7088616af16f","b6661f70-3752-433b-9b22-6446c959522c","2022-11-13 19:11:35.58+00","2022-11-13 19:13:00.937+00",122,-70.0,76
182,"b6661f70-3752-433b-9b22-6446c959522c","5bfa6f7f-4264-48cb-a1fd-f2cab29af86f","2022-11-13 19:12:40.133+00","2022-11-13 19:13:11.504+00",40,-64.0,76
183,"b6661f70-3752-433b-9b22-6446c959522c","207ff938-b66d-4137-8343-7088616af16f","2022-11-13 19:12:40.269+00","2022-11-13 19:13:11.597+00",7,-53.0,76
184,"b6661f70-3752-433b-9b22-6446c959522c","5bfa6f7f-4264-48cb-a1fd-f2cab29af86f","2022-11-13 19:53:40.666+00","2022-11-13 19:53:40.724+00",346,-94.0,76
185,"b6661f70-3752-433b-9b22-6446c959522c","5bfa6f7f-4264-48cb-a1fd-f2cab29af86f","2022-11-13 22:03:34.824+00","2022-11-13 22:04:53.266+00",367,-95.0,73
186,"b6661f70-3752-433b-9b22-6446c959522c","207ff938-b66d-4137-8343-7088616af16f","2022-11-13 22:03:53.202+00","2022-11-13 22:04:53.312+00",68,-72.0,73
187,"207ff938-b66d-4137-8343-7088616af16f","b6661f70-3752-433b-9b22-6446c959522c","2022-11-13 22:03:54.357+00","2022-11-13 22:05:01.271+00",35,-74.0,66
188,"207ff938-b66d-4137-8343-7088616af16f","5bfa6f7f-4264-48cb-a1fd-f2cab29af86f","2022-11-13 22:03:54.377+00","2022-11-13 22:05:01.286+00",245,-92.0,66
189,"a90d7e53-db59-49be-9ccd-5709053f3202","b6661f70-3752-433b-9b22-6446c959522c","2022-11-13 22:05:45.826+00","2022-11-13 22:05:45.826+00",64,-67.0,52
190,"a90d7e53-db59-49be-9ccd-5709053f3202","207ff938-b66d-4137-8343-7088616af16f","2022-11-13 22:05:45.843+00","2022-11-13 22:05:45.843+00",129,-76.0,52
191,"b6661f70-3752-433b-9b22-6446c959522c","5bfa6f7f-4264-48cb-a1fd-f2cab29af86f","2022-11-13 22:05:10.311+00","2022-11-13 22:06:23.464+00",278,-89.0,73
192,"b6661f70-3752-433b-9b22-6446c959522c","207ff938-b66d-4137-8343-7088616af16f","2022-11-13 22:05:10.385+00","2022-11-13 22:06:23.548+00",24,-60.0,73
193,"b6661f70-3752-433b-9b22-6446c959522c","a90d7e53-db59-49be-9ccd-5709053f3202","2022-11-13 22:05:53.177+00","2022-11-13 22:06:23.508+00",97,-82.0,73
194,"5bfa6f7f-4264-48cb-a1fd-f2cab29af86f","b6661f70-3752-433b-9b22-6446c959522c","2022-11-13 19:12:45.409+00","2022-11-13 19:12:45.409+00",136,-77.0,83
195,"5bfa6f7f-4264-48cb-a1fd-f2cab29af86f","b6661f70-3752-433b-9b22-6446c959522c","2022-11-13 22:07:18.039+00","2022-11-13 22:07:28.404+00",122,-75.0,65
196,"5bfa6f7f-4264-48cb-a1fd-f2cab29af86f","207ff938-b66d-4137-8343-7088616af16f","2022-11-13 22:07:18.067+00","2022-11-13 22:07:28.426+00",122,-84.0,65
197,"5bfa6f7f-4264-48cb-a1fd-f2cab29af86f","a90d7e53-db59-49be-9ccd-5709053f3202","2022-11-13 22:07:28.412+00","2022-11-13 22:07:28.412+00",141,-80.0,65
198,"5bfa6f7f-4264-48cb-a1fd-f2cab29af86f","b6661f70-3752-433b-9b22-6446c959522c","2022-11-13 22:07:44.543+00","2022-11-13 22:08:15.872+00",2,-48.0,65
199,"5bfa6f7f-4264-48cb-a1fd-f2cab29af86f","a90d7e53-db59-49be-9ccd-5709053f3202","2022-11-13 22:07:44.576+00","2022-11-13 22:08:15.881+00",158,-79.0,65
200,"5bfa6f7f-4264-48cb-a1fd-f2cab29af86f","207ff938-b66d-4137-8343-7088616af16f","2022-11-13 22:07:44.593+00","2022-11-13 22:08:15.889+00",128,-76.0,65
201,"b6661f70-3752-433b-9b22-6446c959522c","5bfa6f7f-4264-48cb-a1fd-f2cab29af86f","2022-11-13 22:06:53.076+00","2022-11-13 22:06:53.434+00",357,-93.0,72
202,"b6661f70-3752-433b-9b22-6446c959522c","a90d7e53-db59-49be-9ccd-5709053f3202","2022-11-13 22:06:53.125+00","2022-11-13 22:09:18.495+00",99,-77.0,72
203,"b6661f70-3752-433b-9b22-6446c959522c","207ff938-b66d-4137-8343-7088616af16f","2022-11-13 22:06:53.163+00","2022-11-13 22:09:18.546+00",16,-57.0,72
204,"b6661f70-3752-433b-9b22-6446c959522c","5bfa6f7f-4264-48cb-a1fd-f2cab29af86f","2022-11-13 22:07:23.071+00","2022-11-13 22:08:53.625+00",137,-49.0,72
205,"b6661f70-3752-433b-9b22-6446c959522c","a90d7e53-db59-49be-9ccd-5709053f3202","2022-11-13 22:09:28.352+00","2022-11-13 22:09:28.7+00",136,-87.0,72
206,"b6661f70-3752-433b-9b22-6446c959522c","207ff938-b66d-4137-8343-7088616af16f","2022-11-13 22:09:28.424+00","2022-11-13 22:09:28.751+00",10,-56.0,72
207,"b6661f70-3752-433b-9b22-6446c959522c","a90d7e53-db59-49be-9ccd-5709053f3202","2022-11-13 22:09:39.329+00","2022-11-13 22:09:39.719+00",135,-70.0,72
208,"b6661f70-3752-433b-9b22-6446c959522c","207ff938-b66d-4137-8343-7088616af16f","2022-11-13 22:09:39.397+00","2022-11-13 22:09:39.75+00",6,-50.0,72
209,"b6661f70-3752-433b-9b22-6446c959522c","a90d7e53-db59-49be-9ccd-5709053f3202","2022-11-13 22:10:02.697+00","2022-11-13 22:10:02.697+00",110,-69.0,72
210,"b6661f70-3752-433b-9b22-6446c959522c","a90d7e53-db59-49be-9ccd-5709053f3202","2022-11-13 22:10:10.509+00","2022-11-13 22:10:10.571+00",40,-69.0,72
211,"207ff938-b66d-4137-8343-7088616af16f","b6661f70-3752-433b-9b22-6446c959522c","2022-11-13 22:05:17.022+00","2022-11-13 22:07:02.236+00",30,-64.0,66
212,"207ff938-b66d-4137-8343-7088616af16f","5bfa6f7f-4264-48cb-a1fd-f2cab29af86f","2022-11-13 22:05:17.037+00","2022-11-13 22:06:05.641+00",296,-90.0,66
213,"207ff938-b66d-4137-8343-7088616af16f","a90d7e53-db59-49be-9ccd-5709053f3202","2022-11-13 22:06:05.61+00","2022-11-13 22:07:28.179+00",128,-77.0,66
214,"207ff938-b66d-4137-8343-7088616af16f","b6661f70-3752-433b-9b22-6446c959522c","2022-11-13 22:10:35.563+00","2022-11-13 22:10:35.614+00",0,-42.0,65
215,"207ff938-b66d-4137-8343-7088616af16f","a90d7e53-db59-49be-9ccd-5709053f3202","2022-11-13 22:10:35.581+00","2022-11-13 22:10:35.623+00",51,-65.0,65
216,"207ff938-b66d-4137-8343-7088616af16f","a90d7e53-db59-49be-9ccd-5709053f3202","2022-11-13 22:10:38.042+00","2022-11-13 22:10:38.078+00",47,-65.0,65
217,"207ff938-b66d-4137-8343-7088616af16f","a90d7e53-db59-49be-9ccd-5709053f3202","2022-11-13 22:10:41.26+00","2022-11-13 22:10:41.302+00",69,-68.0,65
218,"a90d7e53-db59-49be-9ccd-5709053f3202","b6661f70-3752-433b-9b22-6446c959522c","2022-11-13 22:05:49.378+00","2022-11-13 22:06:00.527+00",106,-72.0,52
219,"a90d7e53-db59-49be-9ccd-5709053f3202","207ff938-b66d-4137-8343-7088616af16f","2022-11-13 22:05:49.392+00","2022-11-13 22:06:00.538+00",132,-76.0,52
220,"a90d7e53-db59-49be-9ccd-5709053f3202","207ff938-b66d-4137-8343-7088616af16f","2022-11-13 22:11:59.741+00","2022-11-13 22:11:59.771+00",126,-74.0,50
221,"a90d7e53-db59-49be-9ccd-5709053f3202","207ff938-b66d-4137-8343-7088616af16f","2022-11-13 22:12:13.754+00","2022-11-13 22:12:13.784+00",126,-79.0,50
222,"a98df9f9-acaa-402d-81d0-11dd4cdf8a36","207ff938-b66d-4137-8343-7088616af16f","2022-11-12 13:00:51.818+00","2022-11-12 13:00:51.818+00",57,-79.0,16
223,"a98df9f9-acaa-402d-81d0-11dd4cdf8a36","5bfa6f7f-4264-48cb-a1fd-f2cab29af86f","2022-11-12 13:01:16.887+00","2022-11-12 13:01:16.887+00",186,-78.0,15
224,"a98df9f9-acaa-402d-81d0-11dd4cdf8a36","5bfa6f7f-4264-48cb-a1fd-f2cab29af86f","2022-11-12 13:04:54.28+00","2022-11-12 13:05:28.731+00",101,-71.0,13
225,"a98df9f9-acaa-402d-81d0-11dd4cdf8a36","207ff938-b66d-4137-8343-7088616af16f","2022-11-12 13:05:15.31+00","2022-11-12 13:05:28.778+00",120,-73.0,13
226,"5bfa6f7f-4264-48cb-a1fd-f2cab29af86f","b6661f70-3752-433b-9b22-6446c959522c","2022-11-13 22:08:46.396+00","2022-11-13 22:08:46.461+00",432,-95.0,65
227,"5bfa6f7f-4264-48cb-a1fd-f2cab29af86f","a90d7e53-db59-49be-9ccd-5709053f3202","2022-11-13 22:08:46.428+00","2022-11-13 22:08:52.917+00",315,-91.0,65
228,"5bfa6f7f-4264-48cb-a1fd-f2cab29af86f","207ff938-b66d-4137-8343-7088616af16f","2022-11-13 22:08:46.438+00","2022-11-13 22:08:52.925+00",381,-98.0,65
229,"5bfa6f7f-4264-48cb-a1fd-f2cab29af86f","b6661f70-3752-433b-9b22-6446c959522c","2022-11-13 22:08:52.869+00","2022-11-13 22:08:52.912+00",217,-85.0,65
230,"5bfa6f7f-4264-48cb-a1fd-f2cab29af86f","207ff938-b66d-4137-8343-7088616af16f","2022-11-13 22:13:59.29+00","2022-11-13 22:13:59.315+00",278,-89.0,65
231,"5bfa6f7f-4264-48cb-a1fd-f2cab29af86f","a98df9f9-acaa-402d-81d0-11dd4cdf8a36","2022-11-13 22:14:16.977+00","2022-11-13 22:14:33.929+00",1,-50.0,65
232,"5bfa6f7f-4264-48cb-a1fd-f2cab29af86f","a90d7e53-db59-49be-9ccd-5709053f3202","2022-11-13 22:14:17.017+00","2022-11-13 22:14:17.162+00",630,-102.0,65
233,"a98df9f9-acaa-402d-81d0-11dd4cdf8a36","5bfa6f7f-4264-48cb-a1fd-f2cab29af86f","2022-11-13 22:14:17.719+00","2022-11-13 22:14:32.809+00",0,-39.0,35
234,"a98df9f9-acaa-402d-81d0-11dd4cdf8a36","5bfa6f7f-4264-48cb-a1fd-f2cab29af86f","2022-11-13 22:14:55.84+00","2022-11-13 22:15:22.562+00",0,-38.0,35
235,"5bfa6f7f-4264-48cb-a1fd-f2cab29af86f","a98df9f9-acaa-402d-81d0-11dd4cdf8a36","2022-11-13 22:14:55.064+00","2022-11-13 22:16:25.364+00",2,-56.0,65
236,"5bfa6f7f-4264-48cb-a1fd-f2cab29af86f","a90d7e53-db59-49be-9ccd-5709053f3202","2022-11-13 22:15:42.977+00","2022-11-13 22:15:43.147+00",630,-102.0,65
237,"a90d7e53-db59-49be-9ccd-5709053f3202","5bfa6f7f-4264-48cb-a1fd-f2cab29af86f","2022-11-13 22:16:18.719+00","2022-11-13 22:16:18.853+00",315,-91.0,49
238,"207ff938-b66d-4137-8343-7088616af16f","a90d7e53-db59-49be-9ccd-5709053f3202","2022-11-13 22:11:07.272+00","2022-11-13 22:11:07.406+00",29,-62.0,65
239,"4dc30af1-793b-47c6-83ad-8412f2ff4f7c","207ff938-b66d-4137-8343-7088616af16f","2022-11-11 00:15:06.408+00","2022-11-11 00:15:06.426+00",4,-51.0,35
240,"207ff938-b66d-4137-8343-7088616af16f","a90d7e53-db59-49be-9ccd-5709053f3202","2022-11-13 23:04:25.826+00","2022-11-13 23:04:25.905+00",171,-81.0,63
241,"207ff938-b66d-4137-8343-7088616af16f","4dc30af1-793b-47c6-83ad-8412f2ff4f7c","2022-11-13 23:04:43.034+00","2022-11-13 23:04:43.152+00",4,-65.0,63
242,"4dc30af1-793b-47c6-83ad-8412f2ff4f7c","207ff938-b66d-4137-8343-7088616af16f","2022-11-13 23:04:47.662+00","2022-11-13 23:04:51.128+00",4,-68.0,28
243,"207ff938-b66d-4137-8343-7088616af16f","4dc30af1-793b-47c6-83ad-8412f2ff4f7c","2022-11-13 23:04:52.777+00","2022-11-13 23:04:52.874+00",9,-52.0,63
244,"207ff938-b66d-4137-8343-7088616af16f","000b70b6-3d74-42dc-8ff2-52fd0f4e9ec3","2022-11-14 13:02:29.742+00","2022-11-14 13:02:53.179+00",111,-73.0,99
245,"a98df9f9-acaa-402d-81d0-11dd4cdf8a36","5bfa6f7f-4264-48cb-a1fd-f2cab29af86f","2022-11-13 22:15:38.414+00","2022-11-13 22:17:28.783+00",0,-37.0,35
246,"a98df9f9-acaa-402d-81d0-11dd4cdf8a36","a90d7e53-db59-49be-9ccd-5709053f3202","2022-11-13 22:15:38.474+00","2022-11-13 22:15:38.701+00",592,-101.0,35
247,"a98df9f9-acaa-402d-81d0-11dd4cdf8a36","a90d7e53-db59-49be-9ccd-5709053f3202","2022-11-14 15:52:27.397+00","2022-11-14 15:52:27.397+00",22,-55.0,86
248,"a98df9f9-acaa-402d-81d0-11dd4cdf8a36","a90d7e53-db59-49be-9ccd-5709053f3202","2022-11-14 15:52:42.947+00","2022-11-14 15:53:28.56+00",40,-68.0,85
249,"a98df9f9-acaa-402d-81d0-11dd4cdf8a36","a90d7e53-db59-49be-9ccd-5709053f3202","2022-11-14 15:55:48.278+00","2022-11-14 15:55:48.35+00",111,-73.0,85
250,"a98df9f9-acaa-402d-81d0-11dd4cdf8a36","a90d7e53-db59-49be-9ccd-5709053f3202","2022-11-14 15:58:57.102+00","2022-11-14 15:58:57.176+00",40,-64.0,85
251,"000b70b6-3d74-42dc-8ff2-52fd0f4e9ec3","207ff938-b66d-4137-8343-7088616af16f","2022-11-14 13:13:57.954+00","2022-11-14 13:13:57.954+00",671,-103.0,37
252,"b6661f70-3752-433b-9b22-6446c959522c","a90d7e53-db59-49be-9ccd-5709053f3202","2022-11-13 22:10:18.8+00","2022-11-13 22:10:18.893+00",115,-72.0,72
253,"207ff938-b66d-4137-8343-7088616af16f","b6661f70-3752-433b-9b22-6446c959522c","2022-11-14 16:01:38.553+00","2022-11-14 16:01:38.553+00",1,-55.0,96
254,"207ff938-b66d-4137-8343-7088616af16f","a98df9f9-acaa-402d-81d0-11dd4cdf8a36","2022-11-14 16:01:38.564+00","2022-11-14 16:01:38.564+00",66,-55.0,96
255,"207ff938-b66d-4137-8343-7088616af16f","5bfa6f7f-4264-48cb-a1fd-f2cab29af86f","2022-11-14 16:01:38.58+00","2022-11-14 16:01:38.58+00",30,-55.0,96
256,"207ff938-b66d-4137-8343-7088616af16f","a90d7e53-db59-49be-9ccd-5709053f3202","2022-11-14 16:01:38.593+00","2022-11-14 16:01:38.593+00",104,-78.0,96
257,"207ff938-b66d-4137-8343-7088616af16f","000b70b6-3d74-42dc-8ff2-52fd0f4e9ec3","2022-11-14 16:01:38.605+00","2022-11-14 16:01:38.605+00",184,-89.0,96
258,"b6661f70-3752-433b-9b22-6446c959522c","a98df9f9-acaa-402d-81d0-11dd4cdf8a36","2022-11-14 16:01:49.616+00","2022-11-14 16:08:23.637+00",31,-63.0,52
259,"b6661f70-3752-433b-9b22-6446c959522c","5bfa6f7f-4264-48cb-a1fd-f2cab29af86f","2022-11-14 16:01:49.675+00","2022-11-14 16:08:23.671+00",3,-50.0,52
260,"b6661f70-3752-433b-9b22-6446c959522c","a90d7e53-db59-49be-9ccd-5709053f3202","2022-11-14 16:01:49.746+00","2022-11-14 16:08:23.707+00",97,-70.0,52
261,"b6661f70-3752-433b-9b22-6446c959522c","000b70b6-3d74-42dc-8ff2-52fd0f4e9ec3","2022-11-14 16:01:49.802+00","2022-11-14 16:08:23.738+00",171,-74.0,52
262,"b6661f70-3752-433b-9b22-6446c959522c","207ff938-b66d-4137-8343-7088616af16f","2022-11-14 16:01:49.84+00","2022-11-14 16:08:23.773+00",131,-77.0,52
263,"a90d7e53-db59-49be-9ccd-5709053f3202","a98df9f9-acaa-402d-81d0-11dd4cdf8a36","2022-11-14 15:52:34.349+00","2022-11-14 15:52:34.371+00",12,-57.0,6
264,"5bfa6f7f-4264-48cb-a1fd-f2cab29af86f","a98df9f9-acaa-402d-81d0-11dd4cdf8a36","2022-11-14 16:00:25.185+00","2022-11-14 16:00:50.741+00",116,-67.0,100
265,"5bfa6f7f-4264-48cb-a1fd-f2cab29af86f","a90d7e53-db59-49be-9ccd-5709053f3202","2022-11-14 16:00:25.223+00","2022-11-14 16:00:50.756+00",116,-74.0,100
266,"5bfa6f7f-4264-48cb-a1fd-f2cab29af86f","b6661f70-3752-433b-9b22-6446c959522c","2022-11-14 16:21:34.61+00","2022-11-14 16:21:44.882+00",116,-73.0,100
267,"5bfa6f7f-4264-48cb-a1fd-f2cab29af86f","a98df9f9-acaa-402d-81d0-11dd4cdf8a36","2022-11-14 16:21:34.634+00","2022-11-14 16:21:44.892+00",230,-82.0,100
268,"5bfa6f7f-4264-48cb-a1fd-f2cab29af86f","a90d7e53-db59-49be-9ccd-5709053f3202","2022-11-14 16:21:34.652+00","2022-11-14 16:21:44.905+00",261,-88.0,100
269,"5bfa6f7f-4264-48cb-a1fd-f2cab29af86f","000b70b6-3d74-42dc-8ff2-52fd0f4e9ec3","2022-11-14 16:21:34.672+00","2022-11-14 16:21:44.919+00",490,-98.0,100
270,"5bfa6f7f-4264-48cb-a1fd-f2cab29af86f","207ff938-b66d-4137-8343-7088616af16f","2022-11-14 16:21:34.687+00","2022-11-14 16:21:44.934+00",460,-97.0,100
271,"000b70b6-3d74-42dc-8ff2-52fd0f4e9ec3","a98df9f9-acaa-402d-81d0-11dd4cdf8a36","2022-11-14 16:01:23.15+00","2022-11-14 16:01:23.15+00",357,-88.0,36
272,"000b70b6-3d74-42dc-8ff2-52fd0f4e9ec3","5bfa6f7f-4264-48cb-a1fd-f2cab29af86f","2022-11-14 16:01:23.181+00","2022-11-14 16:01:23.181+00",369,-93.0,36
273,"000b70b6-3d74-42dc-8ff2-52fd0f4e9ec3","a90d7e53-db59-49be-9ccd-5709053f3202","2022-11-14 16:01:23.196+00","2022-11-14 16:01:23.196+00",357,-93.0,36
274,"b6661f70-3752-433b-9b22-6446c959522c","a98df9f9-acaa-402d-81d0-11dd4cdf8a36","2022-11-14 16:08:53.069+00","2022-11-14 16:31:23.527+00",55,-66.0,50
275,"b6661f70-3752-433b-9b22-6446c959522c","5bfa6f7f-4264-48cb-a1fd-f2cab29af86f","2022-11-14 16:08:53.137+00","2022-11-14 16:31:23.558+00",97,-73.0,50
276,"b6661f70-3752-433b-9b22-6446c959522c","a90d7e53-db59-49be-9ccd-5709053f3202","2022-11-14 16:08:53.192+00","2022-11-14 16:26:51.577+00",131,-73.0,50
277,"b6661f70-3752-433b-9b22-6446c959522c","000b70b6-3d74-42dc-8ff2-52fd0f4e9ec3","2022-11-14 16:08:53.227+00","2022-11-14 16:31:23.589+00",132,-76.0,50
278,"b6661f70-3752-433b-9b22-6446c959522c","207ff938-b66d-4137-8343-7088616af16f","2022-11-14 16:08:53.261+00","2022-11-14 16:31:23.633+00",177,-88.0,50
279,"b6661f70-3752-433b-9b22-6446c959522c","a90d7e53-db59-49be-9ccd-5709053f3202","2022-11-14 16:28:23.193+00","2022-11-14 16:29:23.669+00",490,-98.0,46
287,"207ff938-b66d-4137-8343-7088616af16f","b6661f70-3752-433b-9b22-6446c959522c","2022-11-14 16:01:55.397+00","2022-11-14 16:02:10.413+00",105,-71.0,96
288,"207ff938-b66d-4137-8343-7088616af16f","a98df9f9-acaa-402d-81d0-11dd4cdf8a36","2022-11-14 16:01:55.415+00","2022-11-14 16:02:10.43+00",112,-76.0,96
289,"207ff938-b66d-4137-8343-7088616af16f","5bfa6f7f-4264-48cb-a1fd-f2cab29af86f","2022-11-14 16:01:55.432+00","2022-11-14 16:02:10.445+00",113,-67.0,96
290,"207ff938-b66d-4137-8343-7088616af16f","a90d7e53-db59-49be-9ccd-5709053f3202","2022-11-14 16:01:55.448+00","2022-11-14 16:02:30.9+00",3,-46.0,96
291,"207ff938-b66d-4137-8343-7088616af16f","000b70b6-3d74-42dc-8ff2-52fd0f4e9ec3","2022-11-14 16:01:55.464+00","2022-11-14 16:02:10.471+00",122,-73.0,96
292,"000b70b6-3d74-42dc-8ff2-52fd0f4e9ec3","b6661f70-3752-433b-9b22-6446c959522c","2022-11-14 16:29:25.918+00","2022-11-14 16:29:36.323+00",278,-88.0,35
293,"000b70b6-3d74-42dc-8ff2-52fd0f4e9ec3","a98df9f9-acaa-402d-81d0-11dd4cdf8a36","2022-11-14 16:29:25.952+00","2022-11-14 16:29:36.354+00",287,-89.0,35
294,"000b70b6-3d74-42dc-8ff2-52fd0f4e9ec3","5bfa6f7f-4264-48cb-a1fd-f2cab29af86f","2022-11-14 16:29:25.961+00","2022-11-14 16:29:36.366+00",406,-95.0,35
295,"000b70b6-3d74-42dc-8ff2-52fd0f4e9ec3","a90d7e53-db59-49be-9ccd-5709053f3202","2022-11-14 16:29:25.976+00","2022-11-14 16:29:36.38+00",315,-91.0,35
296,"b6661f70-3752-433b-9b22-6446c959522c","a98df9f9-acaa-402d-81d0-11dd4cdf8a36","2022-11-14 16:31:51.329+00","2022-11-14 16:34:15.269+00",55,-66.0,46
297,"b6661f70-3752-433b-9b22-6446c959522c","5bfa6f7f-4264-48cb-a1fd-f2cab29af86f","2022-11-14 16:31:51.394+00","2022-11-14 16:34:25.282+00",16,-58.0,46
298,"b6661f70-3752-433b-9b22-6446c959522c","a90d7e53-db59-49be-9ccd-5709053f3202","2022-11-14 16:31:51.429+00","2022-11-14 16:34:15.339+00",432,-96.0,46
299,"b6661f70-3752-433b-9b22-6446c959522c","000b70b6-3d74-42dc-8ff2-52fd0f4e9ec3","2022-11-14 16:31:51.477+00","2022-11-14 16:34:15.387+00",137,-74.0,46
300,"b6661f70-3752-433b-9b22-6446c959522c","207ff938-b66d-4137-8343-7088616af16f","2022-11-14 16:31:51.515+00","2022-11-14 16:34:15.419+00",287,-90.0,46
301,"000b70b6-3d74-42dc-8ff2-52fd0f4e9ec3","a98df9f9-acaa-402d-81d0-11dd4cdf8a36","2022-11-14 16:57:18.144+00","2022-11-14 16:57:52.241+00",278,-89.0,35
302,"000b70b6-3d74-42dc-8ff2-52fd0f4e9ec3","a90d7e53-db59-49be-9ccd-5709053f3202","2022-11-14 16:57:18.167+00","2022-11-14 16:57:52.279+00",296,-90.0,35
303,"000b70b6-3d74-42dc-8ff2-52fd0f4e9ec3","b6661f70-3752-433b-9b22-6446c959522c","2022-11-14 16:57:37.187+00","2022-11-14 16:57:52.201+00",250,-87.0,35
304,"000b70b6-3d74-42dc-8ff2-52fd0f4e9ec3","5bfa6f7f-4264-48cb-a1fd-f2cab29af86f","2022-11-14 16:57:37.237+00","2022-11-14 16:57:52.261+00",397,-97.0,35
305,"000b70b6-3d74-42dc-8ff2-52fd0f4e9ec3","207ff938-b66d-4137-8343-7088616af16f","2022-11-14 16:57:37.269+00","2022-11-14 16:57:52.297+00",221,-93.0,35
306,"000b70b6-3d74-42dc-8ff2-52fd0f4e9ec3","b6661f70-3752-433b-9b22-6446c959522c","2022-11-14 16:58:07.237+00","2022-11-14 16:58:07.237+00",245,-87.0,35
307,"000b70b6-3d74-42dc-8ff2-52fd0f4e9ec3","a98df9f9-acaa-402d-81d0-11dd4cdf8a36","2022-11-14 16:58:07.265+00","2022-11-14 16:58:07.265+00",357,-93.0,35
308,"000b70b6-3d74-42dc-8ff2-52fd0f4e9ec3","5bfa6f7f-4264-48cb-a1fd-f2cab29af86f","2022-11-14 16:58:07.281+00","2022-11-14 16:58:07.281+00",522,-99.0,35
309,"000b70b6-3d74-42dc-8ff2-52fd0f4e9ec3","a90d7e53-db59-49be-9ccd-5709053f3202","2022-11-14 16:58:07.3+00","2022-11-14 16:58:07.3+00",522,-96.0,35
310,"000b70b6-3d74-42dc-8ff2-52fd0f4e9ec3","207ff938-b66d-4137-8343-7088616af16f","2022-11-14 16:58:07.313+00","2022-11-14 16:58:07.313+00",261,-91.0,35
311,"5bfa6f7f-4264-48cb-a1fd-f2cab29af86f","b6661f70-3752-433b-9b22-6446c959522c","2022-11-14 17:06:52.91+00","2022-11-14 17:06:55.194+00",156,-77.0,97
312,"5bfa6f7f-4264-48cb-a1fd-f2cab29af86f","a98df9f9-acaa-402d-81d0-11dd4cdf8a36","2022-11-14 17:06:52.921+00","2022-11-14 17:06:55.2+00",161,-80.0,97
313,"5bfa6f7f-4264-48cb-a1fd-f2cab29af86f","a90d7e53-db59-49be-9ccd-5709053f3202","2022-11-14 17:06:52.927+00","2022-11-14 17:06:55.207+00",556,-100.0,97
314,"5bfa6f7f-4264-48cb-a1fd-f2cab29af86f","207ff938-b66d-4137-8343-7088616af16f","2022-11-14 17:06:52.933+00","2022-11-14 17:06:55.221+00",21,-60.0,97
315,"5bfa6f7f-4264-48cb-a1fd-f2cab29af86f","000b70b6-3d74-42dc-8ff2-52fd0f4e9ec3","2022-11-14 17:06:55.181+00","2022-11-14 17:06:55.214+00",406,-95.0,97
316,"207ff938-b66d-4137-8343-7088616af16f","a98df9f9-acaa-402d-81d0-11dd4cdf8a36","2022-11-14 17:07:01.831+00","2022-11-14 17:07:01.831+00",171,-81.0,88
317,"207ff938-b66d-4137-8343-7088616af16f","a90d7e53-db59-49be-9ccd-5709053f3202","2022-11-14 17:07:01.855+00","2022-11-14 17:07:01.855+00",101,-71.0,88
318,"a98df9f9-acaa-402d-81d0-11dd4cdf8a36","a90d7e53-db59-49be-9ccd-5709053f3202","2022-11-14 15:59:46.978+00","2022-11-14 16:00:48.342+00",64,-66.0,85
319,"a98df9f9-acaa-402d-81d0-11dd4cdf8a36","5bfa6f7f-4264-48cb-a1fd-f2cab29af86f","2022-11-14 16:00:27.523+00","2022-11-14 16:00:48.297+00",29,-58.0,85
320,"a98df9f9-acaa-402d-81d0-11dd4cdf8a36","b6661f70-3752-433b-9b22-6446c959522c","2022-11-14 17:07:10.69+00","2022-11-14 17:07:10.69+00",55,-66.0,76
321,"a98df9f9-acaa-402d-81d0-11dd4cdf8a36","5bfa6f7f-4264-48cb-a1fd-f2cab29af86f","2022-11-14 17:07:10.762+00","2022-11-14 17:07:10.762+00",278,-89.0,76
322,"a98df9f9-acaa-402d-81d0-11dd4cdf8a36","207ff938-b66d-4137-8343-7088616af16f","2022-11-14 17:07:10.792+00","2022-11-14 17:07:10.792+00",7,-54.0,76
323,"a98df9f9-acaa-402d-81d0-11dd4cdf8a36","000b70b6-3d74-42dc-8ff2-52fd0f4e9ec3","2022-11-14 17:07:13.034+00","2022-11-14 17:07:13.034+00",204,-84.0,76
324,"b6661f70-3752-433b-9b22-6446c959522c","000b70b6-3d74-42dc-8ff2-52fd0f4e9ec3","2022-11-14 17:07:34.614+00","2022-11-14 17:07:35.058+00",217,-85.0,44
325,"b6661f70-3752-433b-9b22-6446c959522c","207ff938-b66d-4137-8343-7088616af16f","2022-11-14 17:07:34.717+00","2022-11-14 17:07:35.124+00",64,-67.0,44
326,"000b70b6-3d74-42dc-8ff2-52fd0f4e9ec3","b6661f70-3752-433b-9b22-6446c959522c","2022-11-14 17:09:12.033+00","2022-11-14 17:09:28.383+00",46,-60.0,34
327,"000b70b6-3d74-42dc-8ff2-52fd0f4e9ec3","a98df9f9-acaa-402d-81d0-11dd4cdf8a36","2022-11-14 17:09:12.048+00","2022-11-14 17:09:28.395+00",113,-62.0,34
328,"000b70b6-3d74-42dc-8ff2-52fd0f4e9ec3","5bfa6f7f-4264-48cb-a1fd-f2cab29af86f","2022-11-14 17:09:12.056+00","2022-11-14 17:09:28.419+00",116,-69.0,34
329,"000b70b6-3d74-42dc-8ff2-52fd0f4e9ec3","a90d7e53-db59-49be-9ccd-5709053f3202","2022-11-14 17:09:12.065+00","2022-11-14 17:09:28.434+00",261,-97.0,34
330,"000b70b6-3d74-42dc-8ff2-52fd0f4e9ec3","207ff938-b66d-4137-8343-7088616af16f","2022-11-14 17:09:12.072+00","2022-11-14 17:09:28.444+00",161,-68.0,34
331,"000b70b6-3d74-42dc-8ff2-52fd0f4e9ec3","a90d7e53-db59-49be-9ccd-5709053f3202","2022-11-14 17:09:46.404+00","2022-11-14 17:09:46.439+00",296,-90.0,34
332,"000b70b6-3d74-42dc-8ff2-52fd0f4e9ec3","b6661f70-3752-433b-9b22-6446c959522c","2022-11-14 17:09:56.711+00","2022-11-14 17:09:56.744+00",47,-63.0,34
333,"000b70b6-3d74-42dc-8ff2-52fd0f4e9ec3","a98df9f9-acaa-402d-81d0-11dd4cdf8a36","2022-11-14 17:09:56.725+00","2022-11-14 17:09:56.75+00",97,-75.0,34
334,"000b70b6-3d74-42dc-8ff2-52fd0f4e9ec3","5bfa6f7f-4264-48cb-a1fd-f2cab29af86f","2022-11-14 17:09:56.732+00","2022-11-14 17:09:56.756+00",53,-66.0,34
335,"000b70b6-3d74-42dc-8ff2-52fd0f4e9ec3","207ff938-b66d-4137-8343-7088616af16f","2022-11-14 17:09:56.739+00","2022-11-14 17:09:56.76+00",74,-70.0,34
336,"5bfa6f7f-4264-48cb-a1fd-f2cab29af86f","b6661f70-3752-433b-9b22-6446c959522c","2022-11-14 17:06:58.789+00","2022-11-14 17:07:11.203+00",129,-73.0,97
337,"5bfa6f7f-4264-48cb-a1fd-f2cab29af86f","a98df9f9-acaa-402d-81d0-11dd4cdf8a36","2022-11-14 17:06:58.825+00","2022-11-14 17:06:59.094+00",253,-90.0,97
338,"5bfa6f7f-4264-48cb-a1fd-f2cab29af86f","a90d7e53-db59-49be-9ccd-5709053f3202","2022-11-14 17:06:58.863+00","2022-11-14 17:06:59.105+00",630,-102.0,97
339,"5bfa6f7f-4264-48cb-a1fd-f2cab29af86f","000b70b6-3d74-42dc-8ff2-52fd0f4e9ec3","2022-11-14 17:06:58.897+00","2022-11-14 17:06:59.123+00",460,-97.0,97
340,"5bfa6f7f-4264-48cb-a1fd-f2cab29af86f","207ff938-b66d-4137-8343-7088616af16f","2022-11-14 17:06:58.917+00","2022-11-14 17:06:59.139+00",37,-62.0,97
341,"5bfa6f7f-4264-48cb-a1fd-f2cab29af86f","a90d7e53-db59-49be-9ccd-5709053f3202","2022-11-14 17:10:18.575+00","2022-11-14 17:10:18.614+00",630,-102.0,97
342,"5bfa6f7f-4264-48cb-a1fd-f2cab29af86f","000b70b6-3d74-42dc-8ff2-52fd0f4e9ec3","2022-11-14 17:10:18.584+00","2022-11-14 17:10:28.046+00",111,-73.0,97
343,"5bfa6f7f-4264-48cb-a1fd-f2cab29af86f","207ff938-b66d-4137-8343-7088616af16f","2022-11-14 17:10:18.59+00","2022-11-14 17:10:28.052+00",152,-79.0,97
344,"5bfa6f7f-4264-48cb-a1fd-f2cab29af86f","a98df9f9-acaa-402d-81d0-11dd4cdf8a36","2022-11-14 17:10:28.037+00","2022-11-14 17:10:28.037+00",156,-79.0,97
345,"a98df9f9-acaa-402d-81d0-11dd4cdf8a36","b6661f70-3752-433b-9b22-6446c959522c","2022-11-14 17:07:17.032+00","2022-11-14 17:07:17.167+00",64,-67.0,76
346,"a98df9f9-acaa-402d-81d0-11dd4cdf8a36","a90d7e53-db59-49be-9ccd-5709053f3202","2022-11-14 17:07:17.084+00","2022-11-14 17:07:17.19+00",432,-96.0,76
347,"a98df9f9-acaa-402d-81d0-11dd4cdf8a36","000b70b6-3d74-42dc-8ff2-52fd0f4e9ec3","2022-11-14 17:07:17.111+00","2022-11-14 17:07:49.703+00",144,-78.0,76
348,"a98df9f9-acaa-402d-81d0-11dd4cdf8a36","207ff938-b66d-4137-8343-7088616af16f","2022-11-14 17:07:17.142+00","2022-11-14 17:07:49.719+00",21,-60.0,76
349,"a98df9f9-acaa-402d-81d0-11dd4cdf8a36","5bfa6f7f-4264-48cb-a1fd-f2cab29af86f","2022-11-14 17:07:38.21+00","2022-11-14 17:07:38.288+00",103,-73.0,76
350,"207ff938-b66d-4137-8343-7088616af16f","b6661f70-3752-433b-9b22-6446c959522c","2022-11-14 17:07:17.373+00","2022-11-14 17:07:50.397+00",66,-66.0,88
351,"207ff938-b66d-4137-8343-7088616af16f","a98df9f9-acaa-402d-81d0-11dd4cdf8a36","2022-11-14 17:07:17.385+00","2022-11-14 17:07:50.416+00",25,-59.0,88
352,"207ff938-b66d-4137-8343-7088616af16f","5bfa6f7f-4264-48cb-a1fd-f2cab29af86f","2022-11-14 17:07:17.394+00","2022-11-14 17:07:50.433+00",97,-64.0,88
353,"207ff938-b66d-4137-8343-7088616af16f","000b70b6-3d74-42dc-8ff2-52fd0f4e9ec3","2022-11-14 17:07:17.403+00","2022-11-14 17:07:50.455+00",145,-85.0,88
354,"207ff938-b66d-4137-8343-7088616af16f","a90d7e53-db59-49be-9ccd-5709053f3202","2022-11-14 17:07:32.507+00","2022-11-14 17:07:32.575+00",278,-89.0,88
355,"207ff938-b66d-4137-8343-7088616af16f","a98df9f9-acaa-402d-81d0-11dd4cdf8a36","2022-11-14 17:10:09.461+00","2022-11-14 17:10:09.499+00",64,-70.0,88
356,"207ff938-b66d-4137-8343-7088616af16f","5bfa6f7f-4264-48cb-a1fd-f2cab29af86f","2022-11-14 17:10:09.482+00","2022-11-14 17:10:26.385+00",64,-70.0,88
357,"207ff938-b66d-4137-8343-7088616af16f","000b70b6-3d74-42dc-8ff2-52fd0f4e9ec3","2022-11-14 17:10:09.492+00","2022-11-14 17:10:09.513+00",101,-71.0,88
358,"207ff938-b66d-4137-8343-7088616af16f","a98df9f9-acaa-402d-81d0-11dd4cdf8a36","2022-11-14 17:16:32.15+00","2022-11-14 17:16:43.217+00",245,-89.0,88
359,"207ff938-b66d-4137-8343-7088616af16f","5bfa6f7f-4264-48cb-a1fd-f2cab29af86f","2022-11-14 17:16:32.163+00","2022-11-14 17:16:43.233+00",8,-55.0,88
360,"000b70b6-3d74-42dc-8ff2-52fd0f4e9ec3","a98df9f9-acaa-402d-81d0-11dd4cdf8a36","2022-11-14 17:10:24.348+00","2022-11-14 17:10:42.69+00",103,-72.0,34
361,"000b70b6-3d74-42dc-8ff2-52fd0f4e9ec3","5bfa6f7f-4264-48cb-a1fd-f2cab29af86f","2022-11-14 17:10:24.384+00","2022-11-14 17:10:24.508+00",66,-75.0,34
362,"000b70b6-3d74-42dc-8ff2-52fd0f4e9ec3","a90d7e53-db59-49be-9ccd-5709053f3202","2022-11-14 17:10:24.405+00","2022-11-14 17:10:24.523+00",490,-98.0,34
363,"000b70b6-3d74-42dc-8ff2-52fd0f4e9ec3","207ff938-b66d-4137-8343-7088616af16f","2022-11-14 17:10:24.42+00","2022-11-14 17:10:24.535+00",98,-67.0,34
364,"207ff938-b66d-4137-8343-7088616af16f","000b70b6-3d74-42dc-8ff2-52fd0f4e9ec3","2022-11-14 17:16:32.177+00","2022-11-14 17:16:43.251+00",10,-56.0,88
365,"5bfa6f7f-4264-48cb-a1fd-f2cab29af86f","a98df9f9-acaa-402d-81d0-11dd4cdf8a36","2022-11-14 17:10:40.161+00","2022-11-14 17:10:40.161+00",182,-85.0,97
366,"5bfa6f7f-4264-48cb-a1fd-f2cab29af86f","a90d7e53-db59-49be-9ccd-5709053f3202","2022-11-14 17:10:40.177+00","2022-11-14 17:10:40.177+00",671,-105.0,97
367,"5bfa6f7f-4264-48cb-a1fd-f2cab29af86f","000b70b6-3d74-42dc-8ff2-52fd0f4e9ec3","2022-11-14 17:10:40.185+00","2022-11-14 17:10:40.185+00",42,-66.0,97
368,"5bfa6f7f-4264-48cb-a1fd-f2cab29af86f","207ff938-b66d-4137-8343-7088616af16f","2022-11-14 17:10:40.193+00","2022-11-14 17:11:21.154+00",125,-74.0,97
369,"5bfa6f7f-4264-48cb-a1fd-f2cab29af86f","000b70b6-3d74-42dc-8ff2-52fd0f4e9ec3","2022-11-14 17:41:49.496+00","2022-11-14 17:41:50.468+00",51,-62.0,97
370,"5bfa6f7f-4264-48cb-a1fd-f2cab29af86f","207ff938-b66d-4137-8343-7088616af16f","2022-11-14 17:41:49.514+00","2022-11-14 17:41:50.475+00",7,-54.0,97
371,"5bfa6f7f-4264-48cb-a1fd-f2cab29af86f","a98df9f9-acaa-402d-81d0-11dd4cdf8a36","2022-11-14 17:41:50.463+00","2022-11-14 17:41:50.463+00",171,-81.0,97
372,"000b70b6-3d74-42dc-8ff2-52fd0f4e9ec3","5bfa6f7f-4264-48cb-a1fd-f2cab29af86f","2022-11-14 17:42:00.164+00","2022-11-14 17:42:00.198+00",106,-72.0,34
373,"000b70b6-3d74-42dc-8ff2-52fd0f4e9ec3","207ff938-b66d-4137-8343-7088616af16f","2022-11-14 17:42:00.176+00","2022-11-14 17:42:00.204+00",86,-69.0,34
374,"b6661f70-3752-433b-9b22-6446c959522c","a98df9f9-acaa-402d-81d0-11dd4cdf8a36","2022-11-14 17:07:37.008+00","2022-11-14 17:07:48.272+00",74,-67.0,44
375,"b6661f70-3752-433b-9b22-6446c959522c","5bfa6f7f-4264-48cb-a1fd-f2cab29af86f","2022-11-14 17:07:37.499+00","2022-11-14 17:07:48.319+00",116,-74.0,44
376,"b6661f70-3752-433b-9b22-6446c959522c","000b70b6-3d74-42dc-8ff2-52fd0f4e9ec3","2022-11-14 17:07:38.489+00","2022-11-14 17:08:08.761+00",217,-85.0,44
377,"b6661f70-3752-433b-9b22-6446c959522c","207ff938-b66d-4137-8343-7088616af16f","2022-11-14 17:07:38.624+00","2022-11-14 17:09:56.463+00",4,-51.0,44
378,"b6661f70-3752-433b-9b22-6446c959522c","a98df9f9-acaa-402d-81d0-11dd4cdf8a36","2022-11-14 17:09:55.974+00","2022-11-14 17:09:56.328+00",5,-52.0,44
379,"b6661f70-3752-433b-9b22-6446c959522c","5bfa6f7f-4264-48cb-a1fd-f2cab29af86f","2022-11-14 17:09:56.017+00","2022-11-14 17:09:56.503+00",93,-69.0,44
380,"b6661f70-3752-433b-9b22-6446c959522c","000b70b6-3d74-42dc-8ff2-52fd0f4e9ec3","2022-11-14 17:09:56.043+00","2022-11-14 17:09:56.537+00",10,-56.0,44
381,"000b70b6-3d74-42dc-8ff2-52fd0f4e9ec3","a98df9f9-acaa-402d-81d0-11dd4cdf8a36","2022-11-14 17:42:15.747+00","2022-11-14 17:42:15.873+00",223,-86.0,34
382,"000b70b6-3d74-42dc-8ff2-52fd0f4e9ec3","5bfa6f7f-4264-48cb-a1fd-f2cab29af86f","2022-11-14 17:42:15.776+00","2022-11-14 17:42:15.886+00",33,-60.0,34
383,"000b70b6-3d74-42dc-8ff2-52fd0f4e9ec3","207ff938-b66d-4137-8343-7088616af16f","2022-11-14 17:42:15.793+00","2022-11-14 17:42:15.9+00",86,-68.0,34
384,"000b70b6-3d74-42dc-8ff2-52fd0f4e9ec3","b6661f70-3752-433b-9b22-6446c959522c","2022-11-14 17:42:30.766+00","2022-11-14 17:42:41.398+00",0,-44.0,34
385,"000b70b6-3d74-42dc-8ff2-52fd0f4e9ec3","a98df9f9-acaa-402d-81d0-11dd4cdf8a36","2022-11-14 17:42:30.778+00","2022-11-14 17:42:41.418+00",296,-94.0,34
386,"000b70b6-3d74-42dc-8ff2-52fd0f4e9ec3","5bfa6f7f-4264-48cb-a1fd-f2cab29af86f","2022-11-14 17:42:30.793+00","2022-11-14 17:42:41.432+00",48,-84.0,34
387,"000b70b6-3d74-42dc-8ff2-52fd0f4e9ec3","207ff938-b66d-4137-8343-7088616af16f","2022-11-14 17:42:30.798+00","2022-11-14 17:42:41.447+00",71,-66.0,34
388,"207ff938-b66d-4137-8343-7088616af16f","a98df9f9-acaa-402d-81d0-11dd4cdf8a36","2022-11-14 17:41:36.912+00","2022-11-14 17:42:07.428+00",278,-89.0,86
389,"207ff938-b66d-4137-8343-7088616af16f","5bfa6f7f-4264-48cb-a1fd-f2cab29af86f","2022-11-14 17:41:36.948+00","2022-11-14 17:41:36.948+00",55,-65.0,86
390,"207ff938-b66d-4137-8343-7088616af16f","000b70b6-3d74-42dc-8ff2-52fd0f4e9ec3","2022-11-14 17:41:36.997+00","2022-11-14 17:41:36.997+00",0,-44.0,86
391,"b6661f70-3752-433b-9b22-6446c959522c","a98df9f9-acaa-402d-81d0-11dd4cdf8a36","2022-11-14 17:42:32.364+00","2022-11-14 18:01:32.961+00",194,-82.0,36
392,"b6661f70-3752-433b-9b22-6446c959522c","5bfa6f7f-4264-48cb-a1fd-f2cab29af86f","2022-11-14 17:42:32.421+00","2022-11-14 18:01:33.081+00",41,-68.0,36
393,"b6661f70-3752-433b-9b22-6446c959522c","000b70b6-3d74-42dc-8ff2-52fd0f4e9ec3","2022-11-14 17:42:32.463+00","2022-11-14 18:01:43.31+00",0,-31.0,36
394,"b6661f70-3752-433b-9b22-6446c959522c","207ff938-b66d-4137-8343-7088616af16f","2022-11-14 17:42:32.496+00","2022-11-14 18:01:33.163+00",22,-59.0,36
395,"207ff938-b66d-4137-8343-7088616af16f","b6661f70-3752-433b-9b22-6446c959522c","2022-11-14 18:23:42.037+00","2022-11-14 18:23:42.037+00",10,-56.0,84
396,"207ff938-b66d-4137-8343-7088616af16f","b6661f70-3752-433b-9b22-6446c959522c","2022-11-14 18:23:44.138+00","2022-11-14 18:23:57.316+00",10,-56.0,84
397,"207ff938-b66d-4137-8343-7088616af16f","5bfa6f7f-4264-48cb-a1fd-f2cab29af86f","2022-11-14 18:23:44.169+00","2022-11-14 18:23:57.332+00",2,-48.0,84
398,"207ff938-b66d-4137-8343-7088616af16f","000b70b6-3d74-42dc-8ff2-52fd0f4e9ec3","2022-11-14 18:23:57.297+00","2022-11-14 18:23:57.35+00",2,-48.0,84
399,"b6661f70-3752-433b-9b22-6446c959522c","5bfa6f7f-4264-48cb-a1fd-f2cab29af86f","2022-11-14 18:47:14.133+00","2022-11-14 18:47:14.133+00",34,-63.0,32
400,"000b70b6-3d74-42dc-8ff2-52fd0f4e9ec3","b6661f70-3752-433b-9b22-6446c959522c","2022-11-14 18:47:15.274+00","2022-11-14 18:47:15.307+00",0,-44.0,33
401,"5bfa6f7f-4264-48cb-a1fd-f2cab29af86f","a98df9f9-acaa-402d-81d0-11dd4cdf8a36","2022-11-14 17:42:07.368+00","2022-11-14 17:42:07.393+00",336,-92.0,97
402,"5bfa6f7f-4264-48cb-a1fd-f2cab29af86f","b6661f70-3752-433b-9b22-6446c959522c","2022-11-14 18:47:34.8+00","2022-11-14 18:47:34.828+00",86,-69.0,95
403,"5bfa6f7f-4264-48cb-a1fd-f2cab29af86f","000b70b6-3d74-42dc-8ff2-52fd0f4e9ec3","2022-11-14 18:47:34.811+00","2022-11-14 18:47:34.837+00",55,-66.0,95
404,"5bfa6f7f-4264-48cb-a1fd-f2cab29af86f","207ff938-b66d-4137-8343-7088616af16f","2022-11-14 18:47:34.82+00","2022-11-14 18:47:35.629+00",278,-88.0,95
405,"000b70b6-3d74-42dc-8ff2-52fd0f4e9ec3","b6661f70-3752-433b-9b22-6446c959522c","2022-11-14 18:47:40.929+00","2022-11-14 18:47:41.132+00",0,-45.0,33
406,"000b70b6-3d74-42dc-8ff2-52fd0f4e9ec3","5bfa6f7f-4264-48cb-a1fd-f2cab29af86f","2022-11-14 18:47:40.964+00","2022-11-14 18:47:41.154+00",55,-66.0,33
407,"000b70b6-3d74-42dc-8ff2-52fd0f4e9ec3","207ff938-b66d-4137-8343-7088616af16f","2022-11-14 18:47:40.984+00","2022-11-14 18:47:41.175+00",108,-71.0,33
411,"b6661f70-3752-433b-9b22-6446c959522c","5bfa6f7f-4264-48cb-a1fd-f2cab29af86f","2022-11-14 18:47:30.044+00","2022-11-14 18:47:52.994+00",13,-56.0,32
412,"b6661f70-3752-433b-9b22-6446c959522c","000b70b6-3d74-42dc-8ff2-52fd0f4e9ec3","2022-11-14 18:47:30.106+00","2022-11-14 18:47:53.103+00",0,-46.0,32
413,"b6661f70-3752-433b-9b22-6446c959522c","207ff938-b66d-4137-8343-7088616af16f","2022-11-14 18:47:30.134+00","2022-11-14 18:47:53.144+00",13,-56.0,32
414,"b6661f70-3752-433b-9b22-6446c959522c","000b70b6-3d74-42dc-8ff2-52fd0f4e9ec3","2022-11-14 18:49:07.258+00","2022-11-14 18:49:07.401+00",0,-31.0,31
415,"b6661f70-3752-433b-9b22-6446c959522c","207ff938-b66d-4137-8343-7088616af16f","2022-11-14 18:49:07.316+00","2022-11-14 18:53:23.271+00",2,-47.0,31
416,"207ff938-b66d-4137-8343-7088616af16f","b6661f70-3752-433b-9b22-6446c959522c","2022-11-14 18:49:04.841+00","2022-11-14 18:51:39.506+00",3,-48.0,82
417,"5bfa6f7f-4264-48cb-a1fd-f2cab29af86f","000b70b6-3d74-42dc-8ff2-52fd0f4e9ec3","2022-11-14 18:47:38.836+00","2022-11-14 18:47:38.863+00",47,-65.0,95
418,"000b70b6-3d74-42dc-8ff2-52fd0f4e9ec3","b6661f70-3752-433b-9b22-6446c959522c","2022-11-14 18:54:37.005+00","2022-11-14 18:55:02.906+00",269,-90.0,33
419,"000b70b6-3d74-42dc-8ff2-52fd0f4e9ec3","5bfa6f7f-4264-48cb-a1fd-f2cab29af86f","2022-11-14 18:54:37.041+00","2022-11-14 18:55:02.923+00",0,-35.0,33
420,"000b70b6-3d74-42dc-8ff2-52fd0f4e9ec3","207ff938-b66d-4137-8343-7088616af16f","2022-11-14 18:54:37.061+00","2022-11-14 18:54:37.273+00",181,-82.0,33
421,"000b70b6-3d74-42dc-8ff2-52fd0f4e9ec3","207ff938-b66d-4137-8343-7088616af16f","2022-11-14 18:54:52.071+00","2022-11-14 18:55:02.937+00",419,-96.0,33
422,"5bfa6f7f-4264-48cb-a1fd-f2cab29af86f","b6661f70-3752-433b-9b22-6446c959522c","2022-11-14 18:54:46.397+00","2022-11-14 18:55:15.731+00",311,-96.0,95
423,"5bfa6f7f-4264-48cb-a1fd-f2cab29af86f","000b70b6-3d74-42dc-8ff2-52fd0f4e9ec3","2022-11-14 18:54:46.425+00","2022-11-14 18:55:15.745+00",0,-35.0,95
424,"5bfa6f7f-4264-48cb-a1fd-f2cab29af86f","207ff938-b66d-4137-8343-7088616af16f","2022-11-14 18:54:46.441+00","2022-11-14 18:55:15.762+00",421,-92.0,95
425,"207ff938-b66d-4137-8343-7088616af16f","b6661f70-3752-433b-9b22-6446c959522c","2022-11-14 19:02:25.263+00","2022-11-14 19:02:25.364+00",44,-65.0,82
426,"207ff938-b66d-4137-8343-7088616af16f","000b70b6-3d74-42dc-8ff2-52fd0f4e9ec3","2022-11-14 19:02:25.3+00","2022-11-14 19:02:41.422+00",230,-86.0,82
427,"207ff938-b66d-4137-8343-7088616af16f","5bfa6f7f-4264-48cb-a1fd-f2cab29af86f","2022-11-14 19:05:33.962+00","2022-11-14 19:05:33.998+00",8,-55.0,81
428,"207ff938-b66d-4137-8343-7088616af16f","5bfa6f7f-4264-48cb-a1fd-f2cab29af86f","2022-11-14 19:05:37.611+00","2022-11-14 19:05:37.684+00",5,-52.0,81
429,"207ff938-b66d-4137-8343-7088616af16f","000b70b6-3d74-42dc-8ff2-52fd0f4e9ec3","2022-11-14 19:05:37.628+00","2022-11-14 19:05:37.693+00",0,-29.0,81
430,"000b70b6-3d74-42dc-8ff2-52fd0f4e9ec3","b6661f70-3752-433b-9b22-6446c959522c","2022-11-14 19:05:44.734+00","2022-11-14 19:05:45.084+00",287,-85.0,33
431,"000b70b6-3d74-42dc-8ff2-52fd0f4e9ec3","5bfa6f7f-4264-48cb-a1fd-f2cab29af86f","2022-11-14 19:05:44.767+00","2022-11-14 19:05:45.1+00",0,-43.0,33
432,"000b70b6-3d74-42dc-8ff2-52fd0f4e9ec3","a90d7e53-db59-49be-9ccd-5709053f3202","2022-11-14 19:05:44.789+00","2022-11-14 19:06:21.287+00",315,-91.0,33
433,"000b70b6-3d74-42dc-8ff2-52fd0f4e9ec3","207ff938-b66d-4137-8343-7088616af16f","2022-11-14 19:05:44.804+00","2022-11-14 19:05:45.126+00",36,-72.0,33
434,"b6661f70-3752-433b-9b22-6446c959522c","207ff938-b66d-4137-8343-7088616af16f","2022-11-14 18:53:52.278+00","2022-11-14 19:02:23.418+00",3,-50.0,30
435,"b6661f70-3752-433b-9b22-6446c959522c","5bfa6f7f-4264-48cb-a1fd-f2cab29af86f","2022-11-14 18:54:53.07+00","2022-11-14 19:11:23.421+00",217,-84.0,30
436,"b6661f70-3752-433b-9b22-6446c959522c","000b70b6-3d74-42dc-8ff2-52fd0f4e9ec3","2022-11-14 18:54:53.112+00","2022-11-14 19:11:23.49+00",131,-76.0,30
437,"b6661f70-3752-433b-9b22-6446c959522c","207ff938-b66d-4137-8343-7088616af16f","2022-11-14 19:02:53.18+00","2022-11-14 19:06:23.506+00",245,-87.0,28
438,"b6661f70-3752-433b-9b22-6446c959522c","a90d7e53-db59-49be-9ccd-5709053f3202","2022-11-14 19:04:23.138+00","2022-11-14 19:11:23.46+00",97,-64.0,27
439,"b6661f70-3752-433b-9b22-6446c959522c","5bfa6f7f-4264-48cb-a1fd-f2cab29af86f","2022-11-14 19:11:53.066+00","2022-11-14 19:11:53.273+00",222,-84.0,26
440,"b6661f70-3752-433b-9b22-6446c959522c","a90d7e53-db59-49be-9ccd-5709053f3202","2022-11-14 19:11:53.106+00","2022-11-14 19:11:53.305+00",47,-63.0,26
441,"b6661f70-3752-433b-9b22-6446c959522c","000b70b6-3d74-42dc-8ff2-52fd0f4e9ec3","2022-11-14 19:11:53.139+00","2022-11-14 19:11:53.34+00",139,-77.0,26
442,"b6661f70-3752-433b-9b22-6446c959522c","5bfa6f7f-4264-48cb-a1fd-f2cab29af86f","2022-11-14 19:12:23.073+00","2022-11-14 19:13:53.407+00",218,-84.0,25
443,"b6661f70-3752-433b-9b22-6446c959522c","a90d7e53-db59-49be-9ccd-5709053f3202","2022-11-14 19:12:23.515+00","2022-11-14 19:13:53.435+00",46,-63.0,25
444,"b6661f70-3752-433b-9b22-6446c959522c","000b70b6-3d74-42dc-8ff2-52fd0f4e9ec3","2022-11-14 19:12:23.586+00","2022-11-14 19:13:53.469+00",139,-77.0,25
445,"5bfa6f7f-4264-48cb-a1fd-f2cab29af86f","b6661f70-3752-433b-9b22-6446c959522c","2022-11-14 19:05:40.9+00","2022-11-14 19:05:56.138+00",396,-96.0,94
446,"5bfa6f7f-4264-48cb-a1fd-f2cab29af86f","a90d7e53-db59-49be-9ccd-5709053f3202","2022-11-14 19:05:40.936+00","2022-11-14 19:05:56.146+00",460,-97.0,94
447,"5bfa6f7f-4264-48cb-a1fd-f2cab29af86f","000b70b6-3d74-42dc-8ff2-52fd0f4e9ec3","2022-11-14 19:05:40.962+00","2022-11-14 19:05:56.162+00",0,-35.0,94
448,"5bfa6f7f-4264-48cb-a1fd-f2cab29af86f","207ff938-b66d-4137-8343-7088616af16f","2022-11-14 19:05:40.979+00","2022-11-14 19:05:56.175+00",101,-81.0,94
449,"5bfa6f7f-4264-48cb-a1fd-f2cab29af86f","207ff938-b66d-4137-8343-7088616af16f","2022-11-14 19:06:13.231+00","2022-11-14 19:06:13.309+00",381,-94.0,94
450,"000b70b6-3d74-42dc-8ff2-52fd0f4e9ec3","b6661f70-3752-433b-9b22-6446c959522c","2022-11-14 19:37:02.259+00","2022-11-14 19:37:19.71+00",217,-85.0,32
451,"000b70b6-3d74-42dc-8ff2-52fd0f4e9ec3","5bfa6f7f-4264-48cb-a1fd-f2cab29af86f","2022-11-14 19:37:02.283+00","2022-11-14 19:37:19.719+00",10,-55.0,32
452,"000b70b6-3d74-42dc-8ff2-52fd0f4e9ec3","a90d7e53-db59-49be-9ccd-5709053f3202","2022-11-14 19:37:02.302+00","2022-11-14 19:37:02.548+00",357,-93.0,32
453,"b6661f70-3752-433b-9b22-6446c959522c","5bfa6f7f-4264-48cb-a1fd-f2cab29af86f","2022-11-14 19:14:08.379+00","2022-11-14 19:16:24.931+00",233,-85.0,23
454,"b6661f70-3752-433b-9b22-6446c959522c","a90d7e53-db59-49be-9ccd-5709053f3202","2022-11-14 19:14:08.428+00","2022-11-14 19:16:24.964+00",48,-63.0,23
455,"b6661f70-3752-433b-9b22-6446c959522c","000b70b6-3d74-42dc-8ff2-52fd0f4e9ec3","2022-11-14 19:14:08.471+00","2022-11-14 19:16:35.263+00",135,-77.0,23
456,"5bfa6f7f-4264-48cb-a1fd-f2cab29af86f","000b70b6-3d74-42dc-8ff2-52fd0f4e9ec3","2022-11-14 19:53:46.702+00","2022-11-14 19:53:46.815+00",25,-61.0,93
457,"000b70b6-3d74-42dc-8ff2-52fd0f4e9ec3","b6661f70-3752-433b-9b22-6446c959522c","2022-11-14 19:37:55.435+00","2022-11-14 19:37:55.638+00",305,-98.0,32
458,"000b70b6-3d74-42dc-8ff2-52fd0f4e9ec3","5bfa6f7f-4264-48cb-a1fd-f2cab29af86f","2022-11-14 19:37:55.468+00","2022-11-14 19:38:14.194+00",2,-34.0,32
459,"000b70b6-3d74-42dc-8ff2-52fd0f4e9ec3","a90d7e53-db59-49be-9ccd-5709053f3202","2022-11-14 19:38:14.019+00","2022-11-14 19:38:14.205+00",296,-90.0,32
460,"5bfa6f7f-4264-48cb-a1fd-f2cab29af86f","b6661f70-3752-433b-9b22-6446c959522c","2022-11-14 19:53:58.727+00","2022-11-14 19:53:58.828+00",556,-100.0,93
461,"5bfa6f7f-4264-48cb-a1fd-f2cab29af86f","000b70b6-3d74-42dc-8ff2-52fd0f4e9ec3","2022-11-14 19:53:58.747+00","2022-11-14 19:53:58.837+00",98,-81.0,93
462,"207ff938-b66d-4137-8343-7088616af16f","5bfa6f7f-4264-48cb-a1fd-f2cab29af86f","2022-11-14 19:05:48.344+00","2022-11-14 19:05:48.504+00",105,-87.0,81
463,"207ff938-b66d-4137-8343-7088616af16f","a90d7e53-db59-49be-9ccd-5709053f3202","2022-11-14 19:05:48.359+00","2022-11-14 19:05:48.511+00",278,-89.0,81
464,"207ff938-b66d-4137-8343-7088616af16f","000b70b6-3d74-42dc-8ff2-52fd0f4e9ec3","2022-11-14 19:05:48.381+00","2022-11-14 19:05:59.015+00",23,-65.0,81
465,"a90d7e53-db59-49be-9ccd-5709053f3202","b6661f70-3752-433b-9b22-6446c959522c","2022-11-14 19:04:20.718+00","2022-11-14 19:04:20.718+00",74,-66.0,100
466,"a90d7e53-db59-49be-9ccd-5709053f3202","5bfa6f7f-4264-48cb-a1fd-f2cab29af86f","2022-11-14 19:04:20.733+00","2022-11-14 19:04:20.733+00",186,-84.0,100
467,"a90d7e53-db59-49be-9ccd-5709053f3202","000b70b6-3d74-42dc-8ff2-52fd0f4e9ec3","2022-11-14 19:04:20.742+00","2022-11-14 19:04:20.742+00",34,-84.0,100
468,"a90d7e53-db59-49be-9ccd-5709053f3202","b6661f70-3752-433b-9b22-6446c959522c","2022-11-14 22:35:38.008+00","2022-11-14 22:35:38.008+00",47,-69.0,91
469,"a90d7e53-db59-49be-9ccd-5709053f3202","207ff938-b66d-4137-8343-7088616af16f","2022-11-14 22:35:38.046+00","2022-11-14 22:35:41.127+00",64,-67.0,91
470,"b6661f70-3752-433b-9b22-6446c959522c","5bfa6f7f-4264-48cb-a1fd-f2cab29af86f","2022-11-14 22:35:46.472+00","2022-11-14 22:35:59.933+00",406,-95.0,21
471,"b6661f70-3752-433b-9b22-6446c959522c","a90d7e53-db59-49be-9ccd-5709053f3202","2022-11-14 22:36:00.034+00","2022-11-14 22:36:00.034+00",111,-75.0,20
472,"b6661f70-3752-433b-9b22-6446c959522c","207ff938-b66d-4137-8343-7088616af16f","2022-11-14 22:36:00.148+00","2022-11-14 22:36:00.148+00",1,-46.0,20
473,"5bfa6f7f-4264-48cb-a1fd-f2cab29af86f","b6661f70-3752-433b-9b22-6446c959522c","2022-11-14 22:36:46.682+00","2022-11-14 22:36:46.727+00",630,-102.0,77
474,"5bfa6f7f-4264-48cb-a1fd-f2cab29af86f","207ff938-b66d-4137-8343-7088616af16f","2022-11-14 22:36:46.692+00","2022-11-14 22:36:47.632+00",74,-69.0,77
475,"4dc30af1-793b-47c6-83ad-8412f2ff4f7c","207ff938-b66d-4137-8343-7088616af16f","2022-11-13 23:04:55.643+00","2022-11-13 23:04:55.688+00",0,-43.0,28
476,"207ff938-b66d-4137-8343-7088616af16f","b6661f70-3752-433b-9b22-6446c959522c","2022-11-14 22:35:46.086+00","2022-11-14 22:36:02.47+00",8,-40.0,64
477,"207ff938-b66d-4137-8343-7088616af16f","5bfa6f7f-4264-48cb-a1fd-f2cab29af86f","2022-11-14 22:35:46.108+00","2022-11-14 22:37:49.309+00",192,-79.0,64
478,"207ff938-b66d-4137-8343-7088616af16f","a90d7e53-db59-49be-9ccd-5709053f3202","2022-11-14 22:35:46.124+00","2022-11-14 22:38:04.324+00",72,-75.0,64
479,"207ff938-b66d-4137-8343-7088616af16f","b6661f70-3752-433b-9b22-6446c959522c","2022-11-14 22:36:32.469+00","2022-11-14 22:38:04.31+00",253,-85.0,64
480,"207ff938-b66d-4137-8343-7088616af16f","a98df9f9-acaa-402d-81d0-11dd4cdf8a36","2022-11-14 22:38:38.482+00","2022-11-14 22:39:18.127+00",29,-62.0,63
481,"5bfa6f7f-4264-48cb-a1fd-f2cab29af86f","b6661f70-3752-433b-9b22-6446c959522c","2022-11-14 22:37:29.241+00","2022-11-14 22:37:29.406+00",278,-89.0,77
482,"5bfa6f7f-4264-48cb-a1fd-f2cab29af86f","207ff938-b66d-4137-8343-7088616af16f","2022-11-14 22:37:29.274+00","2022-11-14 22:37:29.422+00",108,-85.0,77
483,"5bfa6f7f-4264-48cb-a1fd-f2cab29af86f","a90d7e53-db59-49be-9ccd-5709053f3202","2022-11-14 22:40:57.53+00","2022-11-14 22:40:57.606+00",713,-104.0,77
484,"5bfa6f7f-4264-48cb-a1fd-f2cab29af86f","207ff938-b66d-4137-8343-7088616af16f","2022-11-14 22:40:57.543+00","2022-11-14 22:40:57.612+00",106,-72.0,77
485,"207ff938-b66d-4137-8343-7088616af16f","a98df9f9-acaa-402d-81d0-11dd4cdf8a36","2022-11-14 22:39:33.266+00","2022-11-14 22:39:44.376+00",12,-54.0,63
486,"207ff938-b66d-4137-8343-7088616af16f","b6661f70-3752-433b-9b22-6446c959522c","2022-11-14 22:39:44.298+00","2022-11-14 22:39:44.349+00",47,-65.0,63
487,"207ff938-b66d-4137-8343-7088616af16f","b6661f70-3752-433b-9b22-6446c959522c","2022-11-14 22:41:47.798+00","2022-11-14 22:42:28.197+00",5,-35.0,63
488,"207ff938-b66d-4137-8343-7088616af16f","a90d7e53-db59-49be-9ccd-5709053f3202","2022-11-14 22:41:47.816+00","2022-11-14 22:42:28.205+00",134,-70.0,63
489,"a90d7e53-db59-49be-9ccd-5709053f3202","b6661f70-3752-433b-9b22-6446c959522c","2022-11-14 22:35:44.698+00","2022-11-14 22:37:51.932+00",25,-61.0,91
490,"a90d7e53-db59-49be-9ccd-5709053f3202","5bfa6f7f-4264-48cb-a1fd-f2cab29af86f","2022-11-14 22:37:51.912+00","2022-11-14 22:37:51.95+00",148,-79.0,91
491,"b6661f70-3752-433b-9b22-6446c959522c","a90d7e53-db59-49be-9ccd-5709053f3202","2022-11-14 22:36:15.116+00","2022-11-14 22:42:39.383+00",29,-62.0,19
492,"b6661f70-3752-433b-9b22-6446c959522c","5bfa6f7f-4264-48cb-a1fd-f2cab29af86f","2022-11-14 22:36:34.927+00","2022-11-14 22:40:53.078+00",296,-86.0,18
493,"b6661f70-3752-433b-9b22-6446c959522c","207ff938-b66d-4137-8343-7088616af16f","2022-11-14 22:36:35.04+00","2022-11-14 22:41:35.31+00",261,-88.0,18
494,"b6661f70-3752-433b-9b22-6446c959522c","a98df9f9-acaa-402d-81d0-11dd4cdf8a36","2022-11-14 22:38:53.087+00","2022-11-14 22:40:23.079+00",381,-95.0,18
495,"b6661f70-3752-433b-9b22-6446c959522c","207ff938-b66d-4137-8343-7088616af16f","2022-11-14 22:41:53.15+00","2022-11-14 22:42:39.459+00",5,-46.0,17
496,"4dc30af1-793b-47c6-83ad-8412f2ff4f7c","b6661f70-3752-433b-9b22-6446c959522c","2022-11-14 22:38:53.245+00","2022-11-14 22:39:39.422+00",228,-97.0,62
497,"4dc30af1-793b-47c6-83ad-8412f2ff4f7c","a98df9f9-acaa-402d-81d0-11dd4cdf8a36","2022-11-14 22:38:53.285+00","2022-11-14 22:38:53.285+00",102,-90.0,62
498,"4dc30af1-793b-47c6-83ad-8412f2ff4f7c","207ff938-b66d-4137-8343-7088616af16f","2022-11-14 22:38:53.301+00","2022-11-14 22:38:53.301+00",35,-88.0,62
499,"a98df9f9-acaa-402d-81d0-11dd4cdf8a36","b6661f70-3752-433b-9b22-6446c959522c","2022-11-14 22:38:52.875+00","2022-11-14 22:40:14.313+00",460,-99.0,68
500,"a98df9f9-acaa-402d-81d0-11dd4cdf8a36","207ff938-b66d-4137-8343-7088616af16f","2022-11-14 22:38:52.92+00","2022-11-14 22:40:25.073+00",119,-72.0,68
501,"207ff938-b66d-4137-8343-7088616af16f","b6661f70-3752-433b-9b22-6446c959522c","2022-11-14 22:42:33.482+00","2022-11-14 22:42:33.506+00",129,-76.0,63
502,"a90d7e53-db59-49be-9ccd-5709053f3202","a98df9f9-acaa-402d-81d0-11dd4cdf8a36","2022-11-15 12:53:28.066+00","2022-11-15 12:53:28.066+00",69,-69.0,58
503,"a90d7e53-db59-49be-9ccd-5709053f3202","207ff938-b66d-4137-8343-7088616af16f","2022-11-15 12:53:28.104+00","2022-11-15 12:53:28.104+00",114,-69.0,58
504,"207ff938-b66d-4137-8343-7088616af16f","a90d7e53-db59-49be-9ccd-5709053f3202","2022-11-15 12:53:42.218+00","2022-11-15 12:53:42.218+00",116,-74.0,19
505,"a98df9f9-acaa-402d-81d0-11dd4cdf8a36","a90d7e53-db59-49be-9ccd-5709053f3202","2022-11-15 12:53:29.587+00","2022-11-15 12:53:29.587+00",103,-66.0,20
506,"a98df9f9-acaa-402d-81d0-11dd4cdf8a36","207ff938-b66d-4137-8343-7088616af16f","2022-11-15 12:53:29.635+00","2022-11-15 12:54:28.808+00",148,-72.0,20
507,"a98df9f9-acaa-402d-81d0-11dd4cdf8a36","a90d7e53-db59-49be-9ccd-5709053f3202","2022-11-15 13:14:32.868+00","2022-11-15 13:15:15.025+00",181,-82.0,20
508,"000b70b6-3d74-42dc-8ff2-52fd0f4e9ec3","b6661f70-3752-433b-9b22-6446c959522c","2022-11-14 22:02:59.763+00","2022-11-14 22:02:59.883+00",136,-71.0,30
509,"000b70b6-3d74-42dc-8ff2-52fd0f4e9ec3","5bfa6f7f-4264-48cb-a1fd-f2cab29af86f","2022-11-14 22:02:59.772+00","2022-11-14 22:02:59.892+00",161,-82.0,30
510,"000b70b6-3d74-42dc-8ff2-52fd0f4e9ec3","a90d7e53-db59-49be-9ccd-5709053f3202","2022-11-14 22:02:59.779+00","2022-11-14 22:02:59.899+00",381,-95.0,30
511,"5bfa6f7f-4264-48cb-a1fd-f2cab29af86f","207ff938-b66d-4137-8343-7088616af16f","2022-11-14 22:41:07.904+00","2022-11-14 22:41:07.961+00",55,-63.0,77
512,"207ff938-b66d-4137-8343-7088616af16f","a98df9f9-acaa-402d-81d0-11dd4cdf8a36","2022-11-16 00:09:02.475+00","2022-11-16 00:09:54.019+00",7,-50.0,68
513,"207ff938-b66d-4137-8343-7088616af16f","5bfa6f7f-4264-48cb-a1fd-f2cab29af86f","2022-11-16 00:09:32.478+00","2022-11-16 00:09:54.03+00",61,-65.0,68
514,"207ff938-b66d-4137-8343-7088616af16f","000b70b6-3d74-42dc-8ff2-52fd0f4e9ec3","2022-11-16 00:09:32.487+00","2022-11-16 00:09:54.038+00",1,-54.0,68
515,"000b70b6-3d74-42dc-8ff2-52fd0f4e9ec3","a98df9f9-acaa-402d-81d0-11dd4cdf8a36","2022-11-16 00:09:21.042+00","2022-11-16 00:09:21.071+00",80,-70.0,40
516,"000b70b6-3d74-42dc-8ff2-52fd0f4e9ec3","207ff938-b66d-4137-8343-7088616af16f","2022-11-16 00:09:21.061+00","2022-11-16 00:10:06.332+00",20,-64.0,40
517,"000b70b6-3d74-42dc-8ff2-52fd0f4e9ec3","5bfa6f7f-4264-48cb-a1fd-f2cab29af86f","2022-11-16 00:10:06.27+00","2022-11-16 00:10:06.314+00",25,-61.0,40
518,"000b70b6-3d74-42dc-8ff2-52fd0f4e9ec3","a98df9f9-acaa-402d-81d0-11dd4cdf8a36","2022-11-16 00:10:51.173+00","2022-11-16 00:13:07.668+00",8,-55.0,39
519,"000b70b6-3d74-42dc-8ff2-52fd0f4e9ec3","5bfa6f7f-4264-48cb-a1fd-f2cab29af86f","2022-11-16 00:10:51.206+00","2022-11-16 00:10:51.341+00",34,-63.0,39
520,"000b70b6-3d74-42dc-8ff2-52fd0f4e9ec3","207ff938-b66d-4137-8343-7088616af16f","2022-11-16 00:10:51.237+00","2022-11-16 00:10:51.357+00",261,-88.0,39
521,"000b70b6-3d74-42dc-8ff2-52fd0f4e9ec3","5bfa6f7f-4264-48cb-a1fd-f2cab29af86f","2022-11-16 00:13:07.634+00","2022-11-16 00:13:07.674+00",132,-82.0,39
522,"000b70b6-3d74-42dc-8ff2-52fd0f4e9ec3","207ff938-b66d-4137-8343-7088616af16f","2022-11-16 00:13:07.643+00","2022-11-16 00:13:07.682+00",261,-88.0,39
523,"207ff938-b66d-4137-8343-7088616af16f","a98df9f9-acaa-402d-81d0-11dd4cdf8a36","2022-11-16 00:10:09.633+00","2022-11-16 00:10:32.51+00",4,-56.0,68
524,"207ff938-b66d-4137-8343-7088616af16f","5bfa6f7f-4264-48cb-a1fd-f2cab29af86f","2022-11-16 00:10:09.651+00","2022-11-16 00:11:17.226+00",73,-65.0,68
525,"207ff938-b66d-4137-8343-7088616af16f","000b70b6-3d74-42dc-8ff2-52fd0f4e9ec3","2022-11-16 00:10:09.668+00","2022-11-16 00:11:02.553+00",1,-52.0,68
526,"207ff938-b66d-4137-8343-7088616af16f","a98df9f9-acaa-402d-81d0-11dd4cdf8a36","2022-11-16 00:11:02.471+00","2022-11-16 00:11:17.212+00",217,-85.0,68
527,"207ff938-b66d-4137-8343-7088616af16f","000b70b6-3d74-42dc-8ff2-52fd0f4e9ec3","2022-11-16 00:11:17.195+00","2022-11-16 00:11:17.238+00",245,-88.0,68
528,"207ff938-b66d-4137-8343-7088616af16f","5bfa6f7f-4264-48cb-a1fd-f2cab29af86f","2022-11-16 00:13:50.431+00","2022-11-16 00:13:50.453+00",245,-87.0,68
529,"207ff938-b66d-4137-8343-7088616af16f","000b70b6-3d74-42dc-8ff2-52fd0f4e9ec3","2022-11-16 00:13:50.444+00","2022-11-16 00:13:50.461+00",161,-86.0,68
530,"5bfa6f7f-4264-48cb-a1fd-f2cab29af86f","a98df9f9-acaa-402d-81d0-11dd4cdf8a36","2022-11-16 00:09:33.403+00","2022-11-16 00:09:44.322+00",68,-64.0,91
531,"5bfa6f7f-4264-48cb-a1fd-f2cab29af86f","000b70b6-3d74-42dc-8ff2-52fd0f4e9ec3","2022-11-16 00:09:33.415+00","2022-11-16 00:09:44.344+00",57,-67.0,91
532,"5bfa6f7f-4264-48cb-a1fd-f2cab29af86f","207ff938-b66d-4137-8343-7088616af16f","2022-11-16 00:09:33.422+00","2022-11-16 00:09:55.47+00",107,-78.0,91
533,"5bfa6f7f-4264-48cb-a1fd-f2cab29af86f","000b70b6-3d74-42dc-8ff2-52fd0f4e9ec3","2022-11-16 00:18:40.412+00","2022-11-16 00:18:42.72+00",315,-91.0,95
534,"a98df9f9-acaa-402d-81d0-11dd4cdf8a36","000b70b6-3d74-42dc-8ff2-52fd0f4e9ec3","2022-11-16 00:09:12.752+00","2022-11-16 00:09:27.263+00",7,-68.0,75
535,"a98df9f9-acaa-402d-81d0-11dd4cdf8a36","207ff938-b66d-4137-8343-7088616af16f","2022-11-16 00:09:12.837+00","2022-11-16 00:09:27.314+00",16,-58.0,75
536,"a98df9f9-acaa-402d-81d0-11dd4cdf8a36","5bfa6f7f-4264-48cb-a1fd-f2cab29af86f","2022-11-16 00:09:27.21+00","2022-11-16 00:09:27.21+00",9,-54.0,75
537,"a98df9f9-acaa-402d-81d0-11dd4cdf8a36","5bfa6f7f-4264-48cb-a1fd-f2cab29af86f","2022-11-16 00:18:39.64+00","2022-11-16 00:18:39.64+00",122,-75.0,72
541,"b6661f70-3752-433b-9b22-6446c959522c","a90d7e53-db59-49be-9ccd-5709053f3202","2022-11-14 22:42:51.288+00","2022-11-14 22:42:51.351+00",86,-69.0,16
542,"b6661f70-3752-433b-9b22-6446c959522c","000b70b6-3d74-42dc-8ff2-52fd0f4e9ec3","2022-11-16 00:23:36.068+00","2022-11-16 00:24:15.09+00",284,-91.0,100
543,"b6661f70-3752-433b-9b22-6446c959522c","a98df9f9-acaa-402d-81d0-11dd4cdf8a36","2022-11-16 00:23:51.077+00","2022-11-16 00:24:14.863+00",97,-76.0,100
544,"b6661f70-3752-433b-9b22-6446c959522c","5bfa6f7f-4264-48cb-a1fd-f2cab29af86f","2022-11-16 00:24:14.991+00","2022-11-16 00:24:14.991+00",3,-61.0,100
545,"b6661f70-3752-433b-9b22-6446c959522c","a98df9f9-acaa-402d-81d0-11dd4cdf8a36","2022-11-16 00:24:44.709+00","2022-11-16 00:24:44.709+00",324,-95.0,100
546,"b6661f70-3752-433b-9b22-6446c959522c","5bfa6f7f-4264-48cb-a1fd-f2cab29af86f","2022-11-16 00:24:44.75+00","2022-11-16 00:24:44.75+00",278,-84.0,100
547,"b6661f70-3752-433b-9b22-6446c959522c","000b70b6-3d74-42dc-8ff2-52fd0f4e9ec3","2022-11-16 00:24:44.786+00","2022-11-16 00:24:44.786+00",49,-35.0,100
548,"000b70b6-3d74-42dc-8ff2-52fd0f4e9ec3","a98df9f9-acaa-402d-81d0-11dd4cdf8a36","2022-11-16 00:13:24.214+00","2022-11-16 00:13:24.345+00",357,-97.0,39
549,"000b70b6-3d74-42dc-8ff2-52fd0f4e9ec3","5bfa6f7f-4264-48cb-a1fd-f2cab29af86f","2022-11-16 00:13:24.245+00","2022-11-16 00:13:57.556+00",357,-94.0,39
550,"000b70b6-3d74-42dc-8ff2-52fd0f4e9ec3","207ff938-b66d-4137-8343-7088616af16f","2022-11-16 00:13:24.266+00","2022-11-16 00:13:57.568+00",186,-91.0,39
551,"000b70b6-3d74-42dc-8ff2-52fd0f4e9ec3","b6661f70-3752-433b-9b22-6446c959522c","2022-11-16 00:24:55.475+00","2022-11-16 00:25:20.891+00",55,-47.0,39
552,"000b70b6-3d74-42dc-8ff2-52fd0f4e9ec3","5bfa6f7f-4264-48cb-a1fd-f2cab29af86f","2022-11-16 00:24:55.515+00","2022-11-16 00:25:20.906+00",287,-91.0,39
553,"000b70b6-3d74-42dc-8ff2-52fd0f4e9ec3","a98df9f9-acaa-402d-81d0-11dd4cdf8a36","2022-11-16 00:25:20.842+00","2022-11-16 00:25:20.898+00",278,-89.0,39
554,"207ff938-b66d-4137-8343-7088616af16f","000b70b6-3d74-42dc-8ff2-52fd0f4e9ec3","2022-11-16 00:14:05.986+00","2022-11-16 00:14:06.014+00",167,-80.0,68
555,"b6661f70-3752-433b-9b22-6446c959522c","a98df9f9-acaa-402d-81d0-11dd4cdf8a36","2022-11-16 00:25:21.245+00","2022-11-16 00:26:15.24+00",315,-95.0,100
556,"b6661f70-3752-433b-9b22-6446c959522c","5bfa6f7f-4264-48cb-a1fd-f2cab29af86f","2022-11-16 00:25:21.343+00","2022-11-16 00:26:15.276+00",325,-87.0,100
557,"b6661f70-3752-433b-9b22-6446c959522c","000b70b6-3d74-42dc-8ff2-52fd0f4e9ec3","2022-11-16 00:25:21.394+00","2022-11-16 00:26:15.313+00",7,-55.0,100
558,"b6661f70-3752-433b-9b22-6446c959522c","207ff938-b66d-4137-8343-7088616af16f","2022-11-16 00:26:15.037+00","2022-11-16 00:26:15.342+00",169,-89.0,100
559,"b6661f70-3752-433b-9b22-6446c959522c","5bfa6f7f-4264-48cb-a1fd-f2cab29af86f","2022-11-16 00:26:30.497+00","2022-11-16 00:26:31.622+00",0,-44.0,100
560,"b6661f70-3752-433b-9b22-6446c959522c","000b70b6-3d74-42dc-8ff2-52fd0f4e9ec3","2022-11-16 00:26:31.028+00","2022-11-16 00:26:35.157+00",171,-81.0,100
561,"a98df9f9-acaa-402d-81d0-11dd4cdf8a36","b6661f70-3752-433b-9b22-6446c959522c","2022-11-16 00:23:36.047+00","2022-11-16 00:24:18.325+00",64,-75.0,71
562,"a98df9f9-acaa-402d-81d0-11dd4cdf8a36","000b70b6-3d74-42dc-8ff2-52fd0f4e9ec3","2022-11-16 00:23:36.106+00","2022-11-16 00:23:55.539+00",245,-81.0,71
563,"a98df9f9-acaa-402d-81d0-11dd4cdf8a36","5bfa6f7f-4264-48cb-a1fd-f2cab29af86f","2022-11-16 00:29:44.636+00","2022-11-16 00:29:46.84+00",21,-60.0,69
564,"a98df9f9-acaa-402d-81d0-11dd4cdf8a36","b6661f70-3752-433b-9b22-6446c959522c","2022-11-16 00:29:46.796+00","2022-11-16 00:29:46.796+00",490,-98.0,69
565,"5bfa6f7f-4264-48cb-a1fd-f2cab29af86f","b6661f70-3752-433b-9b22-6446c959522c","2022-11-16 00:24:12.638+00","2022-11-16 00:24:27.645+00",58,-74.0,100
566,"5bfa6f7f-4264-48cb-a1fd-f2cab29af86f","a98df9f9-acaa-402d-81d0-11dd4cdf8a36","2022-11-16 00:24:12.656+00","2022-11-16 00:24:27.653+00",56,-64.0,100
567,"5bfa6f7f-4264-48cb-a1fd-f2cab29af86f","000b70b6-3d74-42dc-8ff2-52fd0f4e9ec3","2022-11-16 00:24:12.669+00","2022-11-16 00:24:27.66+00",235,-91.0,100
568,"5bfa6f7f-4264-48cb-a1fd-f2cab29af86f","b6661f70-3752-433b-9b22-6446c959522c","2022-11-16 00:24:45.161+00","2022-11-16 00:24:45.161+00",522,-99.0,100
569,"5bfa6f7f-4264-48cb-a1fd-f2cab29af86f","b6661f70-3752-433b-9b22-6446c959522c","2022-11-16 00:26:34.077+00","2022-11-16 00:26:34.077+00",12,-54.0,100
570,"5bfa6f7f-4264-48cb-a1fd-f2cab29af86f","a98df9f9-acaa-402d-81d0-11dd4cdf8a36","2022-11-16 00:26:34.098+00","2022-11-16 00:26:44.887+00",76,-81.0,100
571,"5bfa6f7f-4264-48cb-a1fd-f2cab29af86f","000b70b6-3d74-42dc-8ff2-52fd0f4e9ec3","2022-11-16 00:26:34.12+00","2022-11-16 00:26:44.909+00",406,-91.0,100
572,"5bfa6f7f-4264-48cb-a1fd-f2cab29af86f","b6661f70-3752-433b-9b22-6446c959522c","2022-11-16 00:26:44.858+00","2022-11-16 00:26:44.858+00",336,-98.0,100
573,"000b70b6-3d74-42dc-8ff2-52fd0f4e9ec3","b6661f70-3752-433b-9b22-6446c959522c","2022-11-16 00:25:30.898+00","2022-11-16 00:25:41.695+00",146,-84.0,39
574,"000b70b6-3d74-42dc-8ff2-52fd0f4e9ec3","a98df9f9-acaa-402d-81d0-11dd4cdf8a36","2022-11-16 00:25:30.915+00","2022-11-16 00:25:31.075+00",315,-91.0,39
575,"000b70b6-3d74-42dc-8ff2-52fd0f4e9ec3","5bfa6f7f-4264-48cb-a1fd-f2cab29af86f","2022-11-16 00:25:30.93+00","2022-11-16 00:25:41.707+00",381,-94.0,39
576,"207ff938-b66d-4137-8343-7088616af16f","b6661f70-3752-433b-9b22-6446c959522c","2022-11-16 00:26:02.107+00","2022-11-16 00:26:02.208+00",3,-74.0,67
577,"207ff938-b66d-4137-8343-7088616af16f","a98df9f9-acaa-402d-81d0-11dd4cdf8a36","2022-11-16 00:26:02.119+00","2022-11-16 00:26:02.213+00",278,-89.0,67
578,"207ff938-b66d-4137-8343-7088616af16f","5bfa6f7f-4264-48cb-a1fd-f2cab29af86f","2022-11-16 00:26:02.133+00","2022-11-16 00:26:02.219+00",161,-80.0,67
579,"207ff938-b66d-4137-8343-7088616af16f","000b70b6-3d74-42dc-8ff2-52fd0f4e9ec3","2022-11-16 00:26:02.142+00","2022-11-16 00:26:53.025+00",97,-42.0,67
580,"207ff938-b66d-4137-8343-7088616af16f","b6661f70-3752-433b-9b22-6446c959522c","2022-11-16 00:33:42.192+00","2022-11-16 00:34:32.534+00",179,-81.0,67
581,"207ff938-b66d-4137-8343-7088616af16f","000b70b6-3d74-42dc-8ff2-52fd0f4e9ec3","2022-11-16 00:33:42.218+00","2022-11-16 00:34:32.544+00",122,-80.0,67
582,"207ff938-b66d-4137-8343-7088616af16f","000b70b6-3d74-42dc-8ff2-52fd0f4e9ec3","2022-11-16 00:34:48.653+00","2022-11-16 00:35:02.365+00",136,-77.0,67
583,"207ff938-b66d-4137-8343-7088616af16f","b6661f70-3752-433b-9b22-6446c959522c","2022-11-16 00:35:02.292+00","2022-11-16 00:35:02.36+00",212,-85.0,66
584,"207ff938-b66d-4137-8343-7088616af16f","b6661f70-3752-433b-9b22-6446c959522c","2022-11-16 00:35:35.705+00","2022-11-16 00:35:46.945+00",148,-78.0,66
585,"207ff938-b66d-4137-8343-7088616af16f","000b70b6-3d74-42dc-8ff2-52fd0f4e9ec3","2022-11-16 00:35:35.755+00","2022-11-16 00:35:46.988+00",131,-67.0,66
586,"207ff938-b66d-4137-8343-7088616af16f","b6661f70-3752-433b-9b22-6446c959522c","2022-11-16 01:03:40.093+00","2022-11-16 01:03:40.093+00",2,-48.0,64
587,"207ff938-b66d-4137-8343-7088616af16f","000b70b6-3d74-42dc-8ff2-52fd0f4e9ec3","2022-11-16 01:03:40.109+00","2022-11-16 01:03:40.109+00",27,-64.0,64
588,"b6661f70-3752-433b-9b22-6446c959522c","a98df9f9-acaa-402d-81d0-11dd4cdf8a36","2022-11-16 00:26:54.169+00","2022-11-16 00:27:15.674+00",139,-48.0,99
589,"b6661f70-3752-433b-9b22-6446c959522c","5bfa6f7f-4264-48cb-a1fd-f2cab29af86f","2022-11-16 00:26:54.345+00","2022-11-16 00:27:15.717+00",144,-57.0,99
590,"b6661f70-3752-433b-9b22-6446c959522c","000b70b6-3d74-42dc-8ff2-52fd0f4e9ec3","2022-11-16 00:26:54.402+00","2022-11-16 00:34:13.771+00",116,-78.0,99
591,"b6661f70-3752-433b-9b22-6446c959522c","207ff938-b66d-4137-8343-7088616af16f","2022-11-16 00:26:54.46+00","2022-11-16 00:33:41.906+00",224,-93.0,99
592,"b6661f70-3752-433b-9b22-6446c959522c","a98df9f9-acaa-402d-81d0-11dd4cdf8a36","2022-11-16 00:27:44.886+00","2022-11-16 00:29:45.516+00",393,-93.0,99
593,"b6661f70-3752-433b-9b22-6446c959522c","5bfa6f7f-4264-48cb-a1fd-f2cab29af86f","2022-11-16 00:27:44.998+00","2022-11-16 00:32:15.394+00",346,-97.0,99
594,"b6661f70-3752-433b-9b22-6446c959522c","a98df9f9-acaa-402d-81d0-11dd4cdf8a36","2022-11-16 00:31:54.442+00","2022-11-16 00:31:55.022+00",5,-54.0,99
595,"b6661f70-3752-433b-9b22-6446c959522c","000b70b6-3d74-42dc-8ff2-52fd0f4e9ec3","2022-11-16 01:03:41.043+00","2022-11-16 01:03:41.204+00",129,-76.0,97
596,"207ff938-b66d-4137-8343-7088616af16f","b6661f70-3752-433b-9b22-6446c959522c","2022-11-16 01:03:45.579+00","2022-11-16 01:03:45.579+00",0,-42.0,64
597,"207ff938-b66d-4137-8343-7088616af16f","000b70b6-3d74-42dc-8ff2-52fd0f4e9ec3","2022-11-16 01:03:45.589+00","2022-11-16 01:03:45.589+00",109,-82.0,64
598,"b6661f70-3752-433b-9b22-6446c959522c","000b70b6-3d74-42dc-8ff2-52fd0f4e9ec3","2022-11-16 01:03:56.681+00","2022-11-16 01:04:15.373+00",143,-79.0,97
599,"b6661f70-3752-433b-9b22-6446c959522c","207ff938-b66d-4137-8343-7088616af16f","2022-11-16 01:03:56.794+00","2022-11-16 01:04:15.409+00",3,-51.0,97
600,"b6661f70-3752-433b-9b22-6446c959522c","000b70b6-3d74-42dc-8ff2-52fd0f4e9ec3","2022-11-16 01:04:42.277+00","2022-11-16 01:05:08.979+00",153,-82.0,96
601,"b6661f70-3752-433b-9b22-6446c959522c","207ff938-b66d-4137-8343-7088616af16f","2022-11-16 01:04:42.37+00","2022-11-16 01:05:09.006+00",7,-57.0,96
602,"207ff938-b66d-4137-8343-7088616af16f","b6661f70-3752-433b-9b22-6446c959522c","2022-11-16 01:04:32.477+00","2022-11-16 01:05:02.506+00",6,-51.0,64
603,"207ff938-b66d-4137-8343-7088616af16f","000b70b6-3d74-42dc-8ff2-52fd0f4e9ec3","2022-11-16 01:04:32.5+00","2022-11-16 01:05:02.514+00",175,-84.0,64
604,"207ff938-b66d-4137-8343-7088616af16f","b6661f70-3752-433b-9b22-6446c959522c","2022-11-16 01:06:34.401+00","2022-11-16 01:06:34.5+00",4,-53.0,63
605,"207ff938-b66d-4137-8343-7088616af16f","000b70b6-3d74-42dc-8ff2-52fd0f4e9ec3","2022-11-16 01:06:34.422+00","2022-11-16 01:06:34.515+00",168,-80.0,63
606,"b6661f70-3752-433b-9b22-6446c959522c","000b70b6-3d74-42dc-8ff2-52fd0f4e9ec3","2022-11-16 01:06:34.535+00","2022-11-16 01:06:35.14+00",179,-83.0,96
607,"b6661f70-3752-433b-9b22-6446c959522c","207ff938-b66d-4137-8343-7088616af16f","2022-11-16 01:06:34.597+00","2022-11-16 01:06:35.178+00",3,-51.0,96
608,"000b70b6-3d74-42dc-8ff2-52fd0f4e9ec3","b6661f70-3752-433b-9b22-6446c959522c","2022-11-16 00:42:47.19+00","2022-11-16 00:43:48.617+00",37,-64.0,38
609,"000b70b6-3d74-42dc-8ff2-52fd0f4e9ec3","207ff938-b66d-4137-8343-7088616af16f","2022-11-16 00:42:47.22+00","2022-11-16 00:42:47.32+00",245,-87.0,38
610,"000b70b6-3d74-42dc-8ff2-52fd0f4e9ec3","207ff938-b66d-4137-8343-7088616af16f","2022-11-16 01:07:14.369+00","2022-11-16 01:07:14.404+00",12,-57.0,36
611,"b6661f70-3752-433b-9b22-6446c959522c","000b70b6-3d74-42dc-8ff2-52fd0f4e9ec3","2022-11-16 01:06:37.443+00","2022-11-16 01:06:37.579+00",161,-80.0,96
612,"000b70b6-3d74-42dc-8ff2-52fd0f4e9ec3","207ff938-b66d-4137-8343-7088616af16f","2022-11-16 01:07:30.063+00","2022-11-16 01:07:30.169+00",5,-46.0,36
613,"b6661f70-3752-433b-9b22-6446c959522c","000b70b6-3d74-42dc-8ff2-52fd0f4e9ec3","2022-11-16 01:07:46.128+00","2022-11-16 01:08:14.874+00",14,-66.0,95
614,"b6661f70-3752-433b-9b22-6446c959522c","207ff938-b66d-4137-8343-7088616af16f","2022-11-16 01:07:46.242+00","2022-11-16 01:08:14.95+00",3,-52.0,95
615,"207ff938-b66d-4137-8343-7088616af16f","000b70b6-3d74-42dc-8ff2-52fd0f4e9ec3","2022-11-16 01:07:31.486+00","2022-11-16 01:07:46.645+00",0,-43.0,63
616,"207ff938-b66d-4137-8343-7088616af16f","b6661f70-3752-433b-9b22-6446c959522c","2022-11-16 01:07:46.506+00","2022-11-16 01:08:31.88+00",3,-47.0,63
617,"207ff938-b66d-4137-8343-7088616af16f","000b70b6-3d74-42dc-8ff2-52fd0f4e9ec3","2022-11-16 01:08:02.485+00","2022-11-16 01:08:02.609+00",217,-85.0,63
618,"a90d7e53-db59-49be-9ccd-5709053f3202","a98df9f9-acaa-402d-81d0-11dd4cdf8a36","2022-11-15 12:53:30.494+00","2022-11-15 12:53:30.523+00",64,-67.0,58
619,"a90d7e53-db59-49be-9ccd-5709053f3202","207ff938-b66d-4137-8343-7088616af16f","2022-11-15 12:53:30.506+00","2022-11-15 12:54:01.252+00",9,-54.0,58
620,"f4879745-604e-4e59-8304-1dea9e25eb0d","a90d7e53-db59-49be-9ccd-5709053f3202","2022-11-16 01:12:15.322+00","2022-11-16 01:12:15.322+00",26,-60.0,78
621,"a90d7e53-db59-49be-9ccd-5709053f3202","f4879745-604e-4e59-8304-1dea9e25eb0d","2022-11-16 01:12:01.905+00","2022-11-16 01:12:44.158+00",21,-60.0,45
622,"f4879745-604e-4e59-8304-1dea9e25eb0d","a90d7e53-db59-49be-9ccd-5709053f3202","2022-11-16 01:38:17.802+00","2022-11-16 01:38:18.479+00",425,-96.0,76
623,"f4879745-604e-4e59-8304-1dea9e25eb0d","a90d7e53-db59-49be-9ccd-5709053f3202","2022-11-16 01:38:46.98+00","2022-11-16 01:38:47.005+00",131,-79.0,76
624,"f4879745-604e-4e59-8304-1dea9e25eb0d","a90d7e53-db59-49be-9ccd-5709053f3202","2022-11-16 01:39:00.801+00","2022-11-16 01:39:15.186+00",432,-96.0,76
